Workbook
Name ID: 'ฟอร์มใบเสร็จรับเงิน-ห้องพัก'!$E$3

Sheet 1-2 ห้อง
A1: ห้อง | B1: ตึก | C1: ชั้น | D1: ประเภทห้อง | E1: ค่าห้องต่อคืน | F1: สถานะ
A2: A101 | B2: A | C2: 1 | D2: Standard | E2: 400
A3: A102 | B3: A | C3: 1 | D3: Standard | E3: 400
A4: A103 | B4: A | C4: 1 | D4: Standard | E4: 400
A5: A104 | B5: A | C5: 1 | D5: Standard | E5: 400
A6: A105 | B6: A | C6: 1 | D6: Standard | E6: 400
A7: A106 | B7: A | C7: 1 | D7: Standard Twin | E7: 500
A8: A107 | B8: A | C8: 1 | D8: Standard Twin | E8: 500
A9: A108 | B9: A | C9: 1 | D9: Standard Twin | E9: 500
A10: A109 | B10: A | C10: 1 | D10: Standard Twin | E10: 500
A11: A110 | B11: A | C11: 1 | D11: Standard Twin | E11: 500
A12: A111 | B12: A | C12: 1 | D12: Standard | E12: 400
A13: A201 | B13: A | C13: 2 | D13: Standard | E13: 400 | F13: ปิดปรับปรุง
A14: A202 | B14: A | C14: 2 | D14: Standard | E14: 400
A15: A203 | B15: A | C15: 2 | D15: Standard | E15: 400
A16: A204 | B16: A | C16: 2 | D16: Standard | E16: 3500/เดือน | F16: ไม่ว่าง
A17: A205 | B17: A | C17: 2 | D17: Standard | E17: 3500/เดือน | F17: ไม่ว่าง
A18: A206 | B18: A | C18: 2 | D18: Standard | E18: 3500/เดือน | F18: ไม่ว่าง
A19: A207 | B19: A | C19: 2 | D19: Standard | E19: 400
A20: A208 | B20: A | C20: 2 | D20: Standard | E20: 3500/เดือน | F20: ไม่ว่าง
A21: A209 | B21: A | C21: 2 | D21: Standard | E21: 400
A22: A210 | B22: A | C22: 2 | D22: Standard | E22: 400
A23: A211 | B23: A | C23: 2 | D23: Standard | E23: 3500/เดือน | F23: ไม่ว่าง
A24: B101 | B24: B | C24: 1 | D24: Standard | E24: 400
A25: B102 | B25: B | C25: 1 | D25: Standard | E25: 400
A26: B103 | B26: B | C26: 1 | D26: Standard | E26: 400
A27: B104 | B27: B | C27: 1 | D27: Standard | E27: 400
A28: B105 | B28: B | C28: 1 | D28: Standard | E28: 400
A29: B106 | B29: B | C29: 1 | D29: Standard | E29: 400
A30: B107 | B30: B | C30: 1 | D30: Standard | E30: 400
A31: B108 | B31: B | C31: 1 | D31: Standard | E31: 400
A32: B109 | B32: B | C32: 1 | D32: Standard | E32: 400
A33: B110 | B33: B | C33: 1 | D33: Standard | E33: 400
A34: B111 | B34: B | C34: 1 | D34: Standard Twin | E34: 500
A35: B201 | B35: B | C35: 2 | D35: Standard | E35: 400
... A52: N7 | B52: N | C52: 1 | D52: Standard | E52: 500

Sheet 2-1 ลูกค้า
A1: id ลูกค้า | B1: ชื่อลูกค้า | C1: เบอร์โทร | D1: ที่อยู่ | E1: ประเทศ | F1: เลขบัตร ปชช | G1: หมายเลข passport | H1: ID + customer
A2: CM01155 | B2: ชัชพล หลวงชา | C2: 918673787 | D2: - | E2: ไทย | F2: - | G2: - | H2: {=if(B2:B1083<>"",A2:A1083&" "&B2:B1083,"")} -> CM01155 ชัชพล หลวงชา
A3: CM01156 | B3: คุณปอนด์ | C3: 62414378 | D3: - | E3: ไทย | F3: - | G3: - | H3: CM01156 คุณปอนด์
A4: CM01157 | B4: เพลง | C4: 819524051 | D4: - | E4: ไทย | F4: - | G4: - | H4: CM01157 เพลง
A5: CM01158 | B5: โสภณ | C5: 837257244 | D5: - | E5: ไทย | F5: - | G5: - | H5: CM01158 โสภณ
A6: CM01159 | B6: บริษัท โชวี่ | C6: 817369113 | D6: - | E6: ไทย | F6: - | G6: - | H6: CM01159 บริษัท โชวี่
A7: CM01160 | B7: คุณส้ม | C7: 659208391 | D7: - | E7: ไทย | F7: - | G7: - | H7: CM01160 คุณส้ม
A8: CM01161 | B8: เต้ | C8: 882744477 | D8: - | E8: ไทย | F8: - | G8: - | H8: CM01161 เต้
A9: CM01162 | B9: อธิวัฒน์ ยาทองไชย | C9: 635250916 | D9: - | E9: ไทย | F9: - | G9: - | H9: CM01162 อธิวัฒน์ ยาทองไชย
A10: CM01163 | B10: พัชรินทร์ | C10: 802104363 | D10: - | E10: ไทย | F10: - | G10: - | H10: CM01163 พัชรินทร์
A11: CM01164 | B11: ราชสีมา | D11: - | E11: ไทย | F11: - | G11: - | H11: CM01164 ราชสีมา
A12: CM01165 | B12: กำธร โพธิ์เสน | C12: 895305462 | D12: - | E12: ไทย | F12: - | G12: - | H12: CM01165 กำธร โพธิ์เสน
A13: CM01166 | B13: คุณเป๊ก | C13: 651193844 | D13: - | E13: ไทย | F13: - | G13: - | H13: CM01166 คุณเป๊ก
A14: CM01167 | B14: พิชิตชัย | C14: 800138270 | D14: - | E14: ไทย | F14: - | H14: CM01167 พิชิตชัย
A15: CM01125 | B15: คุณ พีระ ตรีบวรกุศล | C15: 856672260 | D15: - | E15: ไทย | F15: - | G15: - | H15: CM01125 คุณ พีระ ตรีบวรกุศล
A16: CM01169 | B16: บรรเจิด หอยทอง | C16: 814410591 | D16: - | E16: ไทย | F16: - | G16: - | H16: CM01169 บรรเจิด หอยทอง
A17: CM01170 | B17: สมภพ โชติวงษ์ | C17: 892087259 | D17: - | E17: ไทย | F17: - | G17: - | H17: CM01170 สมภพ โชติวงษ์
A18: CM01171 | B18: คุณสุพัตรา | C18: 994526649 | D18: - | E18: ไทย | F18: - | G18: - | H18: CM01171 คุณสุพัตรา
A19: CM01172 | B19: ลุงเลียม | C19: 887479892 | D19: - | E19: ไทย | F19: - | G19: - | H19: CM01172 ลุงเลียม
A20: CM01173 | B20: วิชิต | C20: 931011156 | D20: - | E20: ไทย | F20: - | G20: - | H20: CM01173 วิชิต
A21: CM01174 | B21: น้องฟ้า | C21: 801805376 | D21: - | E21: ไทย | F21: - | G21: - | H21: CM01174 น้องฟ้า
A22: CM01175 | B22: ธีรพงษ์ | C22: 804651451 | D22: - | E22: ไทย | F22: - | G22: - | H22: CM01175 ธีรพงษ์
A23: CM01176 | B23: คมกริช กุหลาบขาว | D23: - | E23: ไทย | F23: - | G23: - | H23: CM01176 คมกริช กุหลาบขาว
A24: CM01177 | B24: คุณวัน | D24: - | E24: ไทย | F24: - | G24: - | H24: CM01177 คุณวัน
A25: CM01178 | B25: สำเริง เดือนคล้อย | C25: 892542788 | D25: - | E25: ไทย | F25: - | G25: - | H25: CM01178 สำเริง เดือนคล้อย
A26: CM01179 | B26: จิณิพงษ์ ละการชั่ว | C26: 802454323 | D26: - | E26: ไทย | F26: - | G26: - | H26: CM01179 จิณิพงษ์ ละการชั่ว
A27: CM01180 | B27: ธาราวุธ | C27: 822698388 | D27: - | E27: ไทย | F27: - | G27: - | H27: CM01180 ธาราวุธ
A28: CM01181 | B28: จีระเดช แข็งขัน | C28: 640100598 | D28: - | E28: ไทย | F28: - | G28: - | H28: CM01181 จีระเดช แข็งขัน
A29: CM01182 | B29: นายวิทยา ชัยระเทศ | C29: 649929890 | D29: - | E29: ไทย | F29: - | G29: - | H29: CM01182 นายวิทยา ชัยระเทศ
A30: CM01183 | B30: ชญานิศ ชินใหม่ | C30: 630290136 | D30: - | E30: ไทย | F30: - | G30: - | H30: CM01183 ชญานิศ ชินใหม่
A31: CM01184 | B31: สุกัญญา | C31: 965306618 | D31: - | E31: ไทย | F31: - | G31: - | H31: CM01184 สุกัญญา
A32: CM01185 | B32: ชัยศักดิ์ อัดตละ | C32: 893977374 | D32: - | E32: ไทย | F32: - | G32: - | H32: CM01185 ชัยศักดิ์ อัดตละ
A33: CM01186 | B33: ภณัชกร | C33: 992564837 | D33: - | E33: ไทย | F33: - | G33: - | H33: CM01186 ภณัชกร
A34: CM01187 | B34: ต่าย | C34: 944824955 | D34: - | E34: ไทย | F34: - | G34: - | H34: CM01187 ต่าย
A35: CM01188 | B35: บริษัท ชัวร์ ฟิลเตอร์ (ประเทศไทย) จำกัด | D35: 30/160 หมู่ที่ 1 ถนนเจษฏาวิถี ตำบลโคกขาม อำเภอเมืองสมุทรสาคร จ.สมุทรสาคร 74000 | E35: ไทย | F35: 745546000078 | G35: - | H35: CM01188 บริษัท ชัวร์ ฟิลเตอร์ (ประเทศไทย) จำกัด
A36: CM01189 | B36: วิญญู | C36: 828500850 | D36: - | E36: ไทย | F36: - | G36: - | H36: CM01189 วิญญู
A37: CM01190 | B37: คุณสมบัติ | C37: 981834229 | D37: - | E37: ไทย | F37: - | G37: - | H37: CM01190 คุณสมบัติ
A38: CM01191 | B38: สันติ ขอมกิ่ง | C38: 929526159 | D38: - | E38: ไทย | F38: - | G38: - | H38: CM01191 สันติ ขอมกิ่ง
A39: CM01192 | B39: มนัส | C39: 895126243 | D39: - | E39: ไทย | F39: - | G39: - | H39: CM01192 มนัส
A40: CM01193 | B40: บริษัท ดี.เอช.เอ.สยามวาลา จำกัด | D40: 202 ถนนสุรวงศ์ แขวงสี่พระยา เขตบางรัก กรุงเทพมหานคร 10500 | E40: ไทย | F40: 105485000257 | G40: - | H40: CM01193 บริษัท ดี.เอช.เอ.สยามวาลา จำกัด
A41: CM01194 | B41: บริษัท ไบโอ | D41: - | E41: ไทย | F41: - | G41: - | H41: CM01194 บริษัท ไบโอ
A42: CM01195 | B42: ปณต โพธิ์สว่าง | C42: 935435843 | D42: - | E42: ไทย | F42: - | G42: - | H42: CM01195 ปณต โพธิ์สว่าง
A43: CM01196 | B43: สุจิตรา ธรรมเจริญ | C43: 928875964 | D43: - | E43: ไทย | F43: - | G43: - | H43: CM01196 สุจิตรา ธรรมเจริญ
A44: CM01197 | B44: ประนมไพร | C44: 800556182 | D44: - | E44: ไทย | F44: - | G44: - | H44: CM01197 ประนมไพร
A45: CM01198 | B45: วินัย | C45: 807710888 | D45: - | E45: ไทย | F45: - | G45: - | H45: CM01198 วินัย
A46: CM01199 | B46: ชุตินันต์ | C46: 935202132 | D46: - | E46: ไทย | F46: - | G46: - | H46: CM01199 ชุตินันต์
A47: CM01200 | B47: ธีรยุทธ | D47: - | E47: ไทย | F47: 1550700105640 | G47: - | H47: CM01200 ธีรยุทธ
A48: CM01201 | B48: นมดูเม็ก | D48: - | E48: ไทย | F48: - | G48: - | H48: CM01201 นมดูเม็ก
A49: CM01202 | B49: วงศ์วรัญ นารถชัย | C49: 952052957 | D49: - | E49: ไทย | F49: - | G49: - | H49: CM01202 วงศ์วรัญ นารถชัย
A50: CM01203 | B50: บริษัท เค เทคนิคเชี่ยน แอนด์ เซอร์วิส จำกัด (สำนักงานใหญ่) | D50: 124/208 หมู่ที่ 1 ตำบลบึงยี่โถ อำเภอธัญบุรี จ.ปทุมธานี 12130 | E50: ไทย | F50: 135557015433 | G50: - | H50: CM01203 บริษัท เค เทคนิคเชี่ยน แอนด์ เซอร์วิส จำกัด (สำนักงานใหญ่)
A51: CM01204 | B51: บริษัท ห้าม้า โอสถ จำกัด | D51: 145/5 ซอยเฉลิมพระเกียรติ ร.9 ซ. 30 แขวงดอกไม้ เขตประเวศ กรุงเทพมหานคร 10250 | E51: ไทย | F51: 105546034385 | G51: - | H51: CM01204 บริษัท ห้าม้า โอสถ จำกัด
A52: CM01205 | B52: ศราวุฒิ | C52: 910518256 | D52: - | E52: ไทย | F52: - | G52: - | H52: CM01205 ศราวุฒิ
A53: CM01206 | B53: ครูยา | C53: 810540830 | D53: - | E53: ไทย | F53: - | G53: - | H53: CM01206 ครูยา
A54: CM01207 | B54: ทองใส | C54: 845929022 | D54: - | E54: ไทย | F54: - | G54: - | H54: CM01207 ทองใส
A55: CM01208 | B55: ยุทธพงษ์ | C55: 625782534 | D55: - | E55: ไทย | F55: - | G55: - | H55: CM01208 ยุทธพงษ์
A56: CM01209 | B56: ช่อผกา | C56: 864342126 | D56: - | E56: ไทย | F56: - | G56: - | H56: CM01209 ช่อผกา
A57: CM01210 | B57: รัฐธรรมนูญ | C57: 862252833 | D57: - | E57: ไทย | F57: - | G57: - | H57: CM01210 รัฐธรรมนูญ
A58: CM01211 | B58: จุติพร เทยเลอร์ | C58: 807014582 | D58: - | E58: ไทย | F58: - | G58: - | H58: CM01211 จุติพร เทยเลอร์
A59: CM01212 | B59: บริษัท เอคโค่ | C59: 986239932 | D59: - | E59: ไทย | F59: - | G59: - | H59: CM01212 บริษัท เอคโค่
A60: CM01213 | B60: วรวุธ | C60: 918622406 | D60: - | E60: ไทย | F60: - | G60: - | H60: CM01213 วรวุธ
A61: CM01214 | B61: คุณตุ๊ | C61: 982269056 | D61: - | E61: ไทย | F61: - | G61: - | H61: CM01214 คุณตุ๊
A62: CM01215 | B62: น้องเบลล์ | D62: - | E62: ไทย | F62: - | G62: - | H62: CM01215 น้องเบลล์
A63: CM01216 | B63: วิจิตรา | D63: - | E63: ไทย | F63: - | G63: - | H63: CM01216 วิจิตรา
A64: CM01217 | B64: พิศิษ | C64: 807569935 | D64: - | E64: ไทย | F64: 1480800071071 | G64: - | H64: CM01217 พิศิษ
A65: CM01218 | B65: สุชาติ | C65: 821130448 | D65: - | E65: ไทย | F65: - | G65: - | H65: CM01218 สุชาติ
A66: CM01219 | B66: ทนากร | C66: 944985514 | D66: - | E66: ไทย | F66: - | G66: - | H66: CM01219 ทนากร
A67: CM01220 | B67: บริษัท ออโตคอร์ป โฮลดิ้ง จำกัด | C67: 862862833 | D67: 1111 หมู่ที่ 1 ถนนมะลิวัลย์ ตำบลบ้านทุ่ม อำเภอเมืองขอนแก่น จ.ขอนแก่น 40000 | E67: ไทย | F67: 325558000225 | G67: - | H67: CM01220 บริษัท ออโตคอร์ป โฮลดิ้ง จำกัด
A68: CM01221 | B68: เบนซ์ | D68: - | E68: ไทย | F68: - | G68: - | H68: CM01221 เบนซ์
A69: CM01222 | B69: คุณ ธนาธร | C69: 944985514 | D69: - | E69: ไทย | F69: - | G69: - | H69: CM01222 คุณ ธนาธร
A70: CM01223 | B70: คุณ วรพล | C70: 942528266 | D70: - | E70: ไทย | F70: - | G70: - | H70: CM01223 คุณ วรพล
A71: CM01224 | B71: มานพ | C71: 828372824 | D71: - | E71: ไทย | H71: CM01224 มานพ
A72: CM01225 | B72: กิ่งกานณ์ กุลาวงษ์ | C72: 829299888 | D72: - | E72: ไทย | F72: - | H72: CM01225 กิ่งกานณ์ กุลาวงษ์
A73: CM01226 | B73: กรรณิกา | C73: 951655445 | D73: - | E73: ไทย | F73: - | H73: CM01226 กรรณิกา
A74: CM01227 | B74: น.ส. ชนิทณี เดชบุรีรัมธ | C74: 863403382 | D74: 316 ม.4 อ.เมือง จ.บึงกาฬ | E74: ไทย | F74: 1430301364481 | H74: CM01227 น.ส. ชนิทณี เดชบุรีรัมธ
A75: CM01228 | B75: รุ่่งโรจน์ | C75: 628573585 | D75: - | E75: ไทย | F75: - | H75: CM01228 รุ่่งโรจน์
A76: CM01229 | B76: คุณ ปอนด์ | D76: - | E76: ไทย | F76: - | H76: CM01229 คุณ ปอนด์
A77: CM01230 | B77: เตชิน | C77: 987993370 | E77: ไทย | H77: CM01230 เตชิน
A78: CM01231 | B78: ช่างซ่อมเครื่องซักผ้า | D78: - | E78: ไทย | F78: - | H78: CM01231 ช่างซ่อมเครื่องซักผ้า
A79: CM01232 | B79: ธวัชชัย | C79: 830408237 | D79: - | E79: ไทย | F79: - | H79: CM01232 ธวัชชัย
A80: CM01233 | B80: อาทิตย์ | C80: 966317976 | D80: - | E80: ไทย | F80: - | H80: CM01233 อาทิตย์
A81: CM01234 | B81: ชาวลิต | C81: 987991839 | D81: - | E81: ไทย | F81: - | H81: CM01234 ชาวลิต
A82: CM01235 | B82: สมควร | C82: 958614778 | D82: - | E82: ไทย | F82: - | H82: CM01235 สมควร
A83: CM01236 | B83: คุณทาม | C83: 901920150 | D83: - | E83: ไทย | F83: - | H83: CM01236 คุณทาม
A84: CM01237 | B84: ลลิตา | C84: 643364251 | D84: - | E84: ไทย | F84: 1479300060141 | H84: CM01237 ลลิตา
A85: CM01238 | B85: คุณไพโรจน์ | D85: - | E85: ไทย | F85: - | H85: CM01238 คุณไพโรจน์
A86: CM01239 | B86: คุณสนธยา | C86: 808192542 | D86: - | E86: ไทย | F86: - | H86: CM01239 คุณสนธยา
A87: CM01240 | B87: คุณฉัตรชัย | D87: - | E87: ไทย | F87: - | H87: CM01240 คุณฉัตรชัย
A88: CM01241 | B88: ฐิติกา | C88: 640351274 | D88: - | E88: ไทย | F88: - | H88: CM01241 ฐิติกา
A89: CM01242 | B89: วัชรินทร์ | C89: 952219945 | D89: - | E89: ไทย | F89: - | H89: CM01242 วัชรินทร์
A90: CM01243 | B90: ชญานี | C90: 647293821 | D90: - | E90: ไทย | F90: - | H90: CM01243 ชญานี
A91: CM01244 | B91: อนุชิต | C91: 612598988 | D91: - | E91: ไทย | F91: - | H91: CM01244 อนุชิต
A92: CM01245 | B92: โชติรส | C92: 633614993 | D92: - | E92: ไทย | F92: - | H92: CM01245 โชติรส
A93: CM01246 | B93: ธิดารัตน์ | C93: 963453706 | D93: - | E93: ไทย | F93: - | H93: CM01246 ธิดารัตน์
A94: CM01247 | B94: ภาณุวัฒน์ | C94: 983498404 | D94: - | E94: ไทย | F94: - | H94: CM01247 ภาณุวัฒน์
A95: CM01248 | B95: สวภณ | C95: 676435832 | D95: - | E95: ไทย | F95: - | H95: CM01248 สวภณ
A96: CM01249 | B96: ณัฐภัทร | C96: 854840614 | D96: - | E96: ไทย | F96: - | H96: CM01249 ณัฐภัทร
A97: CM01250 | B97: ตองสาม | C97: 888924498 | D97: - | E97: ไทย | F97: - | H97: CM01250 ตองสาม
A98: CM01251 | B98: ธิติยา | C98: 621878476 | D98: - | E98: ไทย | F98: - | H98: CM01251 ธิติยา
A99: CM01252 | B99: สุระชัย | C99: 889435547 | D99: - | E99: ไทย | F99: - | H99: CM01252 สุระชัย
... A101: CM01254 | B101: กชพรรณ | C101: 982405411 | D101: - | E101: ไทย | F101: - | H101: CM01254 กชพรรณ
...

Sheet 2-2 จองห้อง
A1: {={"Booking No."; IF(D2:D502<>"", "VP" & TEXT(ROW(A2:A502) + 1732, "00000"), "")}} -> Booking No. | B1: เบอร์ห้อง | C1: {={"ประเภทห้อง"; IF(B2:B502<>"", IFERROR(VLOOKUP(B2:B502, '1-2 ห้อง'!A:F, 4, FALSE),""), "")}} -> ประเภทห้อง | D1: id ลูกค้า | E1: {={"ชื่อลูกค้า","เบอร์โทร"; IF(D2:D502<>"", IFERROR(VLOOKUP(LEFT(D2:D502, 7), '2-1 ลูกค้า'!A:C, {2,3}, FALSE),""), "")}} -> ชื่อลูกค้า | F1: เบอร์โทร | G1: Check In | H1: {={"Check Out"; IF(G2:G502="", "", G2:G502 + N(I2:I502))}} -> Check Out | I1: จำนวนคืน | J1: {={"ค่าห้อง"; IF(B2:B502<>"", IFERROR(VLOOKUP(B2:B502, '1-2 ห้อง'!A:E, 5, FALSE),""), "")}} -> ค่าห้อง | K1: ค่าบริการ/อื่นๆ | L1: {={"ยอดรวมสุทธิ"; IF(A2:A502<>"", (J2:J502 * I2:I502) + N(K2:K502), "")}} -> ยอดรวมสุทธิ | M1: {={"สถานะ"; IF(A2:A502="",, IFS(H2:H502 < TODAY(), "เช็คเอาท์แล้ว", G2:G502 > TODAY(), "จองล่วงหน้า", TRUE, "กำลังเข้าพัก"))}} -> สถานะ | N1: ช่องทาง | O1: {={"จองซ้ำห้อง-วัน"; IF(B2:B502="",, IF(COUNTIFS(B2:B502, B2:B502, G2:G502, "<"&H2:H502, H2:H502, ">"&G2:G502) > 1, "จองซ้อน", "" ) )}} -> จองซ้ำห้อง-วัน
A2: VP01734 | B2: A207 | C2: Standard | D2: CM01739 ฟิว | E2: ฟิว | F2: 934615352 | G2: 45962 | H2: 45963 | I2: 1 | J2: 400 | L2: 400 | M2: เช็คเอาท์แล้ว | N2: Walk-in
A3: VP01735 | B3: A111 | C3: Standard | D3: CM01148 ทวีศักดิ์ | E3: ทวีศักดิ์ | F3: 828389843 | G3: 45962 | H3: 45963 | I3: 1 | J3: 400 | L3: 400 | M3: เช็คเอาท์แล้ว | N3: Walk-in
A4: VP01736 | B4: B110 | C4: Standard | D4: CM01740 ชาตรี | E4: ชาตรี | G4: 45962 | H4: 45963 | I4: 1 | J4: 400 | L4: 400 | M4: เช็คเอาท์แล้ว | N4: Line
A5: VP01737 | B5: N2 | C5: Standard | D5: CM01741 กมลลักษ์ | E5: กมลลักษ์ | G5: 45962 | H5: 45963 | I5: 1 | J5: 500 | L5: 500 | M5: เช็คเอาท์แล้ว | N5: Walk-in
A6: VP01738 | B6: B107 | C6: Standard | D6: CM01742 ปิยะพร | E6: ปิยะพร | F6: 971716181 | G6: 45962 | H6: 45964 | I6: 2 | J6: 400 | L6: 800 | M6: เช็คเอาท์แล้ว | N6: Walk-in
A7: VP01739 | B7: A105 | C7: Standard | D7: CM01743 วิจิตร | E7: วิจิตร | G7: 45962 | H7: 45963 | I7: 1 | J7: 400 | L7: 400 | M7: เช็คเอาท์แล้ว | N7: Walk-in
A8: VP01740 | B8: A103 | C8: Standard | D8: CM01744 นิชพร | E8: นิชพร | G8: 45962 | H8: 45963 | I8: 1 | J8: 400 | L8: 400 | M8: เช็คเอาท์แล้ว | N8: Walk-in
A9: VP01741 | B9: A107 | C9: Standard Twin | D9: CM01745 พงษ์ศิริ | E9: พงษ์ศิริ | G9: 45962 | H9: 45963 | I9: 1 | J9: 500 | L9: 500 | M9: เช็คเอาท์แล้ว | N9: Walk-in
A10: VP01742 | B10: A102 | C10: Standard | D10: CM01746 ฐิติมาพร | E10: ฐิติมาพร | F10: 987969898 | G10: 45962 | H10: 45963 | I10: 1 | J10: 400 | L10: 400 | M10: เช็คเอาท์แล้ว | N10: Walk-in
A11: VP01743 | B11: A108 | C11: Standard Twin | D11: CM01747 โปลิฟาร์ม | E11: โปลิฟาร์ม | G11: 45962 | H11: 45963 | I11: 1 | J11: 500 | L11: 500 | M11: เช็คเอาท์แล้ว | N11: Walk-in
A12: VP01744 | B12: A104 | C12: Standard | D12: CM01748 วิไล | E12: วิไล | G12: 45962 | H12: 45963 | I12: 1 | J12: 400 | L12: 400 | M12: เช็คเอาท์แล้ว | N12: Walk-in
A13: VP01745 | B13: A101 | C13: Standard | D13: CM01749 สายชล | E13: สายชล | G13: 45963 | H13: 45965 | I13: 2 | J13: 400 | L13: 800 | M13: เช็คเอาท์แล้ว | N13: Walk-in
A14: VP01746 | B14: B109 | C14: Standard | D14: CM01738 Dk | E14: Dk | F14: 864666146 | G14: 45963 | H14: 45964 | I14: 1 | J14: 400 | L14: 400 | M14: เช็คเอาท์แล้ว | N14: โทรศัพท์
A15: VP01747 | B15: B108 | C15: Standard | D15: CM01738 Dk | E15: Dk | F15: 864666146 | G15: 45964 | H15: 45965 | I15: 1 | J15: 400 | L15: 400 | M15: เช็คเอาท์แล้ว | N15: โทรศัพท์
A16: VP01748 | B16: N2 | C16: Standard | D16: CM01752 กมลลักษณ์ | E16: กมลลักษณ์ | G16: 45964 | H16: 45965 | I16: 1 | J16: 500 | L16: 500 | M16: เช็คเอาท์แล้ว | N16: Walk-in
A17: VP01749 | B17: B106 | C17: Standard | D17: CM01753 จีรวัฒน์ | E17: จีรวัฒน์ | G17: 45964 | H17: 45967 | I17: 3 | J17: 400 | L17: 1200 | M17: เช็คเอาท์แล้ว | N17: Walk-in
A18: VP01750 | B18: A102 | C18: Standard | D18: CM01754 สมชาย | E18: สมชาย | G18: 45964 | H18: 45965 | I18: 1 | J18: 400 | L18: 400 | M18: เช็คเอาท์แล้ว | N18: Walk-in
A19: VP01751 | B19: B104 | C19: Standard | D19: CM01755 มนต์ทรานสปอร์ต | E19: มนต์ทรานสปอร์ต | G19: 45964 | H19: 45965 | I19: 1 | J19: 400 | L19: 400 | M19: เช็คเอาท์แล้ว | N19: Walk-in
A20: VP01752 | B20: B105 | C20: Standard | D20: CM01756 ST spec | E20: ST spec | G20: 45964 | H20: 45965 | I20: 1 | J20: 400 | L20: 400 | M20: เช็คเอาท์แล้ว | N20: Walk-in
A21: VP01753 | B21: A111 | C21: Standard | D21: CM01757 วันวิสา | E21: วันวิสา | F21: 951694872 | G21: 45964 | H21: 45965 | I21: 1 | J21: 400 | L21: 400 | M21: เช็คเอาท์แล้ว | N21: Walk-in
A22: VP01754 | B22: A108 | C22: Standard Twin | D22: CM01758 พัชมณฑ์ | E22: พัชมณฑ์ | F22: 991594536 | G22: 45965 | H22: 45966 | I22: 1 | J22: 500 | L22: 500 | M22: เช็คเอาท์แล้ว | N22: Walk-in
A23: VP01755 | B23: A106 | C23: Standard Twin | D23: CM01758 พัชมณฑ์ | E23: พัชมณฑ์ | F23: 991594536 | G23: 45965 | H23: 45966 | I23: 1 | J23: 500 | L23: 500 | M23: เช็คเอาท์แล้ว | N23: Walk-in
A24: VP01756 | B24: A104 | C24: Standard | D24: CM01759 อภิรักษ์ | E24: อภิรักษ์ | G24: 45965 | H24: 45966 | I24: 1 | J24: 400 | L24: 400 | M24: เช็คเอาท์แล้ว | N24: Walk-in
A25: VP01757 | B25: A103 | C25: Standard | D25: CM01761 นิชพร | E25: นิชพร | G25: 45965 | H25: 45966 | I25: 1 | J25: 400 | L25: 400 | M25: เช็คเอาท์แล้ว | N25: Walk-in
A26: VP01758 | B26: A105 | C26: Standard | D26: CM01743 วิจิตร | E26: วิจิตร | G26: 45965 | H26: 45966 | I26: 1 | J26: 400 | L26: 400 | M26: เช็คเอาท์แล้ว | N26: Walk-in
A27: VP01759 | B27: A107 | C27: Standard Twin | D27: CM01763 ทวีศักดิ์ | E27: ทวีศักดิ์ | G27: 45965 | H27: 45966 | I27: 1 | J27: 500 | L27: 500 | M27: เช็คเอาท์แล้ว | N27: Walk-in
A28: VP01760 | B28: B110 | C28: Standard | D28: CM01763 ทวีศักดิ์ | E28: ทวีศักดิ์ | G28: 45965 | H28: 45966 | I28: 1 | J28: 400 | L28: 400 | M28: เช็คเอาท์แล้ว | N28: Walk-in
A29: VP01761 | B29: B103 | C29: Standard | D29: CM01764 วรวุฒิ ศรีลาไพร | E29: วรวุฒิ ศรีลาไพร | G29: 45970 | H29: 45971 | I29: 1 | J29: 400 | L29: 400 | M29: เช็คเอาท์แล้ว | N29: Walk-in
A30: VP01762 | B30: B102 | C30: Standard | D30: CM01765 สุนันท์ แสงมี | E30: สุนันท์ แสงมี | G30: 45970 | H30: 45971 | I30: 1 | J30: 400 | L30: 400 | M30: เช็คเอาท์แล้ว | N30: Walk-in
A31: VP01763 | B31: B101 | C31: Standard | D31: CM01766 เดี่ยว | E31: เดี่ยว | F31: 885626531 | G31: 45970 | H31: 45971 | I31: 1 | J31: 400 | L31: 400 | M31: เช็คเอาท์แล้ว | N31: Walk-in
A32: VP01764 | B32: N3 | C32: Standard | D32: CM01767 ปศุสัตว์ | E32: ปศุสัตว์ | G32: 45970 | H32: 45971 | I32: 1 | J32: 500 | L32: 500 | M32: เช็คเอาท์แล้ว | N32: Walk-in
A33: VP01765 | B33: B105 | C33: Standard | D33: CM01750 เพรชน้ำดำฟู็ด | E33: เพรชน้ำดำฟู็ด | F33: 99170524 | G33: 45970 | H33: 45971 | I33: 1 | J33: 400 | L33: 400 | M33: เช็คเอาท์แล้ว | N33: Walk-in
A34: VP01766 | B34: A101 | C34: Standard | D34: CM01737 คุณ ฐานิตา | E34: คุณ ฐานิตา | F34: 878018921 | G34: 45970 | H34: 45971 | I34: 1 | J34: 400 | L34: 400 | M34: เช็คเอาท์แล้ว | N34: โทรศัพท์
A35: VP01767 | B35: A102 | C35: Standard | D35: CM01737 คุณ ฐานิตา | E35: คุณ ฐานิตา | F35: 878018921 | G35: 45970 | H35: 45971 | I35: 1 | J35: 400 | L35: 400 | M35: เช็คเอาท์แล้ว | N35: โทรศัพท์
A36: VP01768 | B36: B209 | C36: Standard | D36: CM01734 ครูเกศกนก หนูนาค | E36: ครูเกศกนก หนูนาค | F36: 831404771 | G36: 45971 | H36: 45973 | I36: 2 | J36: 400 | L36: 800 | M36: เช็คเอาท์แล้ว | N36: Line
A37: VP01769 | B37: B206 | C37: Standard | D37: CM01734 ครูเกศกนก หนูนาค | E37: ครูเกศกนก หนูนาค | F37: 831404771 | G37: 45971 | H37: 45973 | I37: 2 | J37: 400 | L37: 800 | M37: เช็คเอาท์แล้ว | N37: Line
A38: VP01770 | B38: B211 | C38: Standard | D38: CM01734 ครูเกศกนก หนูนาค | E38: ครูเกศกนก หนูนาค | F38: 831404771 | G38: 45971 | H38: 45973 | I38: 2 | J38: 400 | L38: 800 | M38: เช็คเอาท์แล้ว | N38: Line
A39: VP01771 | B39: N1 | C39: Standard Twin | D39: CM01734 ครูเกศกนก หนูนาค | E39: ครูเกศกนก หนูนาค | F39: 831404771 | G39: 45971 | H39: 45973 | I39: 2 | J39: 600 | L39: 1200 | M39: เช็คเอาท์แล้ว | N39: Line
A40: VP01772 | B40: N5 | C40: Standard Twin | D40: CM01734 ครูเกศกนก หนูนาค | E40: ครูเกศกนก หนูนาค | F40: 831404771 | G40: 45971 | H40: 45973 | I40: 2 | J40: 600 | L40: 1200 | M40: เช็คเอาท์แล้ว | N40: Line
A41: VP01773 | B41: N6 | C41: Standard Twin | D41: CM01734 ครูเกศกนก หนูนาค | E41: ครูเกศกนก หนูนาค | F41: 831404771 | G41: 45971 | H41: 45973 | I41: 2 | J41: 600 | L41: 1200 | M41: เช็คเอาท์แล้ว | N41: Line
A42: VP01774 | B42: A106 | C42: Standard Twin | D42: CM01735 รอง ผ.อ. แหม่ม | E42: รอง ผ.อ. แหม่ม | F42: 810662923 | G42: 45971 | H42: 45973 | I42: 2 | J42: 500 | L42: 1000 | M42: เช็คเอาท์แล้ว | N42: Line
A43: VP01775 | B43: A107 | C43: Standard Twin | D43: CM01735 รอง ผ.อ. แหม่ม | E43: รอง ผ.อ. แหม่ม | F43: 810662923 | G43: 45971 | H43: 45973 | I43: 2 | J43: 500 | L43: 1000 | M43: เช็คเอาท์แล้ว | N43: Line
A44: VP01776 | B44: A108 | C44: Standard Twin | D44: CM01735 รอง ผ.อ. แหม่ม | E44: รอง ผ.อ. แหม่ม | F44: 810662923 | G44: 45971 | H44: 45973 | I44: 2 | J44: 500 | L44: 1000 | M44: เช็คเอาท์แล้ว | N44: Line
... A59: VP01791 | B59: B207 | C59: Standard | D59: CM01735 รอง ผ.อ. แหม่ม | E59: รอง ผ.อ. แหม่ม | F59: 810662923 | G59: 45973 | H59: 45975 | I59: 2 | J59: 400 | L59: 800 | M59: เช็คเอาท์แล้ว | N59: Line
A60: VP01792 | B60: A105 | C60: Standard | D60: CM01770 กิติศักดิ์ วงษา | E60: กิติศักดิ์ วงษา | F60: 843894280 | G60: 45973 | H60: 45975 | I60: 2 | J60: 400 | L60: 800 | M60: เช็คเอาท์แล้ว | N60: Walk-in | O60: จองซ้อน
A61: VP01793 | B61: A111 | C61: Standard | D61: CM01771 ศราวุฒื | E61: ศราวุฒื | F61: 923702385 | G61: 45973 | H61: 45975 | I61: 2 | J61: 400 | L61: 800 | M61: เช็คเอาท์แล้ว | N61: Walk-in | O61: จองซ้อน
A62: VP01794 | B62: A207 | C62: Standard | D62: CM01772 ปวรา ชนะพจน์ | E62: ปวรา ชนะพจน์ | F62: 886981775 | G62: 45973 | H62: 45974 | I62: 1 | J62: 400 | L62: 400 | M62: เช็คเอาท์แล้ว | N62: Walk-in
A63: VP01795 | B63: A104 | C63: Standard | D63: CM01773 ห้าม้าโอสถ | E63: ห้าม้าโอสถ | F63: 868262553 | G63: 45974 | H63: 45975 | I63: 1 | J63: 400 | L63: 400 | M63: เช็คเอาท์แล้ว | N63: Walk-in | O63: จองซ้อน
A64: VP01796 | B64: B204 | C64: Standard | D64: CM01774 ครููเกศกนก | E64: ครููเกศกนก | F64: 973268309 | G64: 45974 | H64: 45976 | I64: 2 | J64: 400 | L64: 800 | M64: เช็คเอาท์แล้ว | N64: Walk-in
A65: VP01797 | B65: B205 | C65: Standard | D65: CM01774 ครููเกศกนก | E65: ครููเกศกนก | F65: 973268309 | G65: 45974 | H65: 45976 | I65: 2 | J65: 400 | L65: 800 | M65: เช็คเอาท์แล้ว | N65: Walk-in
A66: VP01798 | B66: N7 | C66: Standard | D66: CM01525 อนันต์ ทองสีมา | E66: อนันต์ ทองสีมา | F66: 627939107 | G66: 45974 | H66: 45975 | I66: 1 | J66: 500 | L66: 500 | M66: เช็คเอาท์แล้ว | N66: Walk-in | O66: จองซ้อน
A67: VP01799 | B67: A101 | C67: Standard | D67: CM01277 ประวิทย์ | E67: ประวิทย์ | F67: 878985543 | G67: 45974 | H67: 45975 | I67: 1 | J67: 400 | L67: 400 | M67: เช็คเอาท์แล้ว | N67: Walk-in | O67: จองซ้อน
A68: VP01800 | B68: A102 | C68: Standard | D68: CM01301 สงกรานต์ | E68: สงกรานต์ | F68: 655987445 | G68: 45974 | H68: 45975 | I68: 1 | J68: 400 | L68: 400 | M68: เช็คเอาท์แล้ว | N68: Walk-in | O68: จองซ้อน
A69: VP01801 | B69: A103 | C69: Standard | D69: CM01467 อรอุมา | E69: อรอุมา | F69: 840259701 | G69: 45974 | H69: 45975 | I69: 1 | J69: 400 | L69: 400 | M69: เช็คเอาท์แล้ว | N69: Walk-in | O69: จองซ้อน
A70: VP01802 | B70: A104 | C70: Standard | D70: CM01196 สุจิตรา ธรรมเจริญ | E70: สุจิตรา ธรรมเจริญ | F70: 928875964 | G70: 45974 | H70: 45976 | I70: 2 | J70: 400 | L70: 800 | M70: เช็คเอาท์แล้ว | N70: Walk-in | O70: จองซ้อน
A71: VP01803 | B71: A207 | C71: Standard | D71: CM01277 ประวิทย์ | E71: ประวิทย์ | F71: 878985543 | G71: 45974 | H71: 45975 | I71: 1 | J71: 400 | L71: 400 | M71: เช็คเอาท์แล้ว | N71: Walk-in
A72: VP01804 | B72: B203 | C72: Standard | D72: CM01776 Mr.YAN YUE | E72: Mr.YAN YUE | F72: 922722785 | G72: 45974 | H72: 45975 | I72: 1 | J72: 400 | L72: 400 | M72: เช็คเอาท์แล้ว | N72: Walk-in
A73: VP01805 | B73: N7 | C73: Standard | D73: CM01767 ปศุสัตว์ | E73: ปศุสัตว์ | G73: 45974 | H73: 45975 | I73: 1 | J73: 500 | L73: 500 | M73: เช็คเอาท์แล้ว | N73: Walk-in | O73: จองซ้อน
A74: VP01806 | B74: N2 | C74: Standard | D74: CM01777 นายมลคล กรรญา | E74: นายมลคล กรรญา | F74: 931258313 | G74: 45974 | H74: 45975 | I74: 1 | J74: 500 | L74: 500 | M74: เช็คเอาท์แล้ว | N74: Walk-in
A75: VP01807 | B75: N3 | C75: Standard | D75: CM01777 นายมลคล กรรญา | E75: นายมลคล กรรญา | F75: 931258313 | G75: 45974 | H75: 45975 | I75: 1 | J75: 500 | L75: 500 | M75: เช็คเอาท์แล้ว | N75: Walk-in | O75: จองซ้อน
A76: VP01808 | B76: B201 | C76: Standard | D76: CM01766 เดี่ยว | E76: เดี่ยว | F76: 885626531 | G76: 45974 | H76: 45975 | I76: 1 | J76: 400 | L76: 400 | M76: เช็คเอาท์แล้ว | N76: Walk-in
A77: VP01809 | B77: N4 | C77: Standard Twin | D77: CM01355 บริษัท แพลน บี มีเดีย จำกัด (มหาชน) | E77: บริษัท แพลน บี มีเดีย จำกัด (มหาชน) | F77: 968639237 | G77: 45974 | H77: 45975 | I77: 1 | J77: 600 | L77: 600 | M77: เช็คเอาท์แล้ว | N77: Walk-in
A78: VP01810 | B78: A111 | C78: Standard | D78: CM01778 อานนท์ | E78: อานนท์ | F78: 902713171 | G78: 45974 | H78: 45975 | I78: 1 | J78: 400 | L78: 400 | M78: เช็คเอาท์แล้ว | N78: Walk-in | O78: จองซ้อน
A79: VP01811 | B79: A105 | C79: Standard | D79: CM01779 ชนะพล | E79: ชนะพล | G79: 45974 | H79: 45975 | I79: 1 | J79: 400 | L79: 400 | M79: เช็คเอาท์แล้ว | N79: Walk-in | O79: จองซ้อน
A80: VP01812 | B80: A101 | C80: Standard | D80: CM01323 อภิรมศักดิ์ สุขะ | E80: อภิรมศักดิ์ สุขะ | F80: 989619429 | G80: 45974 | H80: 45975 | I80: 1 | J80: 400 | L80: 400 | M80: เช็คเอาท์แล้ว | N80: Walk-in | O80: จองซ้อน
A81: VP01813 | B81: A102 | C81: Standard | D81: CM01781 บริษัท บิวตี้ฮีล | E81: บริษัท บิวตี้ฮีล | F81: 800792323 | G81: 45974 | H81: 45975 | I81: 1 | J81: 400 | L81: 400 | M81: เช็คเอาท์แล้ว | N81: Walk-in | O81: จองซ้อน
A82: VP01814 | B82: A103 | C82: Standard | D82: CM01781 บริษัท บิวตี้ฮีล | E82: บริษัท บิวตี้ฮีล | F82: 800792323 | G82: 45974 | H82: 45975 | I82: 1 | J82: 400 | L82: 400 | M82: เช็คเอาท์แล้ว | N82: Walk-in | O82: จองซ้อน
A83: VP01815 | B83: N3 | C83: Standard | D83: CM01525 อนันต์ ทองสีมา | E83: อนันต์ ทองสีมา | F83: 627939107 | G83: 45974 | H83: 45975 | I83: 1 | J83: 500 | L83: 500 | M83: เช็คเอาท์แล้ว | N83: Walk-in | O83: จองซ้อน
A84: VP01816 | B84: A209 | C84: Standard | D84: CM01782 อาทิตย์ กองการณ์ | E84: อาทิตย์ กองการณ์ | F84: 986173611 | G84: 45974 | H84: 45975 | I84: 1 | J84: 400 | L84: 400 | M84: เช็คเอาท์แล้ว | N84: Walk-in
A85: VP01817 | B85: A101 | C85: Standard | D85: CM01751 คุณ สรวง ศิริภัทร | E85: คุณ สรวง ศิริภัทร | F85: 634120450 | G85: 45974 | H85: 45976 | I85: 2 | J85: 400 | L85: 800 | M85: เช็คเอาท์แล้ว | N85: Walk-in | O85: จองซ้อน
A86: VP01818 | B86: B108 | C86: Standard | D86: CM01332 ศิรินทิพย์ ทวี | E86: ศิรินทิพย์ ทวี | F86: 989611336 | G86: 45974 | H86: 45975 | I86: 1 | J86: 400 | L86: 400 | M86: เช็คเอาท์แล้ว
A87: VP01819 | B87: B104 | C87: Standard | D87: CM01785 ฉัตรชัย | E87: ฉัตรชัย | G87: 45974 | H87: 45975 | I87: 1 | J87: 400 | L87: 400 | M87: เช็คเอาท์แล้ว
A88: VP01820 | B88: B101 | C88: Standard | D88: CM01786 มนุษย์ | E88: มนุษย์ | G88: 45974 | H88: 45975 | I88: 1 | J88: 400 | L88: 400 | M88: เช็คเอาท์แล้ว
A89: VP01821 | B89: A111 | C89: Standard | D89: CM01787 ทวีศักดิ์ | E89: ทวีศักดิ์ | G89: 45974 | H89: 45975 | I89: 1 | J89: 400 | L89: 400 | M89: เช็คเอาท์แล้ว | O89: จองซ้อน
A90: VP01822 | B90: A103 | C90: Standard | D90: CM01788 Ascend | E90: Ascend | G90: 45974 | H90: 45975 | I90: 1 | J90: 400 | L90: 400 | M90: เช็คเอาท์แล้ว | O90: จองซ้อน
A91: VP01823 | B91: A104 | C91: Standard | D91: CM01789 Ascend | E91: Ascend | G91: 45974 | H91: 45975 | I91: 1 | J91: 400 | L91: 400 | M91: เช็คเอาท์แล้ว | O91: จองซ้อน
A92: VP01824 | B92: A105 | C92: Standard | D92: CM01790 Ascend | E92: Ascend | G92: 45974 | H92: 45975 | I92: 1 | J92: 400 | L92: 400 | M92: เช็คเอาท์แล้ว | O92: จองซ้อน
A93: VP01825 | B93: B106 | C93: Standard | D93: CM01791 ประจวบ | E93: ประจวบ | F93: 649915144 | G93: 45974 | H93: 45975 | I93: 1 | J93: 400 | L93: 400 | M93: เช็คเอาท์แล้ว
A94: VP01826 | B94: B105 | C94: Standard | D94: CM01791 ประจวบ | E94: ประจวบ | F94: 649915144 | G94: 45974 | H94: 45975 | I94: 1 | J94: 400 | L94: 400 | M94: เช็คเอาท์แล้ว
A95: VP01827 | B95: B102 | C95: Standard | D95: CM01793 รุ่งนภา สาระสิทธิ์ | E95: รุ่งนภา สาระสิทธิ์ | F95: 806637525 | G95: 45974 | H95: 45975 | I95: 1 | J95: 400 | L95: 400 | M95: เช็คเอาท์แล้ว
A96: VP01828 | B96: B107 | C96: Standard | D96: CM01285 รุ่งนภา บัวโอกาส | E96: รุ่งนภา บัวโอกาส | F96: 991846116 | G96: 45975 | H96: 45976 | I96: 1 | J96: 400 | L96: 400 | M96: เช็คเอาท์แล้ว
A97: VP01829 | B97: B108 | C97: Standard | D97: CM01795 ปรัสสร จันทราช | E97: ปรัสสร จันทราช | F97: 0845802xxx | G97: 45976 | H97: 45977 | I97: 1 | J97: 400 | L97: 400 | M97: เช็คเอาท์แล้ว
A98: VP01830 | B98: B104 | C98: Standard | D98: CM01831 ปภัสสร | E98: ปภัสสร | G98: 45976 | H98: 45977 | I98: 1 | J98: 400 | L98: 400 | M98: เช็คเอาท์แล้ว
A99: VP01831 | B99: B103 | C99: Standard | D99: CM01798 ศิรินทิพย์ | E99: ศิรินทิพย์ | G99: 45976 | H99: 45977 | I99: 1 | J99: 400 | L99: 400 | M99: เช็คเอาท์แล้ว | O99: จองซ้อน
A100: VP01832 | B100: B106 | C100: Standard | D100: CM01800 ฉัตรชัย | E100: ฉัตรชัย | G100: 45976 | H100: 45977 | I100: 1 | J100: 400 | L100: 400 | M100: เช็คเอาท์แล้ว
A101: VP01833 | B101: A105 | C101: Standard | D101: CM01801 ทวีศักดิ์ | E101: ทวีศักดิ์ | G101: 45976 | H101: 45977 | I101: 1 | J101: 400 | L101: 400 | M101: เช็คเอาท์แล้ว
A102: VP01834 | B102: B109 | C102: Standard | D102: CM01802 ฉัตรชัย | E102: ฉัตรชัย | G102: 45976 | H102: 45977 | I102: 1 | J102: 400 | L102: 400 | M102: เช็คเอาท์แล้ว
A103: VP01835 | B103: N7 | C103: Standard | D103: CM01803 ทวีศักดิ์ | E103: ทวีศักดิ์ | G103: 45976 | H103: 45977 | I103: 1 | J103: 500 | L103: 500 | M103: เช็คเอาท์แล้ว
A104: VP01836 | B104: N3 | C104: Standard | D104: CM01804 จรัล | E104: จรัล | G104: 45976 | H104: 45977 | I104: 1 | J104: 500 | L104: 500 | M104: เช็คเอาท์แล้ว
A105: VP01837 | B105: A207 | C105: Standard | D105: CM01805 เคท สุขภัณฑ์ (หญิง) | E105: เคท สุขภัณฑ์ (หญิง) | G105: 45976 | H105: 45977 | I105: 1 | J105: 400 | L105: 400 | M105: เช็คเอาท์แล้ว
A106: VP01838 | B106: B103 | C106: Standard | D106: CM01807 ชัยภักดิ์ | E106: ชัยภักดิ์ | G106: 45976 | H106: 45977 | I106: 1 | J106: 400 | L106: 400 | M106: เช็คเอาท์แล้ว | O106: จองซ้อน
A107: VP01839 | B107: B109 | C107: Standard | D107: CM01808 ปศุสัตว์ | E107: ปศุสัตว์ | G107: 45977 | H107: 45978 | I107: 1 | J107: 400 | L107: 400 | M107: เช็คเอาท์แล้ว
A108: VP01840 | B108: B107 | C108: Standard | D108: CM01809 ธาราธร | E108: ธาราธร | G108: 45977 | H108: 45978 | I108: 1 | J108: 400 | L108: 400 | M108: เช็คเอาท์แล้ว | O108: จองซ้อน
A109: VP01841 | B109: A111 | C109: Standard | D109: CM01157 เพลง | E109: เพลง | F109: 819524051 | G109: 45977 | H109: 45978 | I109: 1 | J109: 400 | L109: 400 | M109: เช็คเอาท์แล้ว
A110: VP01842 | B110: B106 | C110: Standard | D110: CM01812 จิตรชัย | E110: จิตรชัย | G110: 45977 | H110: 45978 | I110: 1 | J110: 400 | L110: 400 | M110: เช็คเอาท์แล้ว | O110: จองซ้อน
A111: VP01843 | B111: B110 | C111: Standard | D111: CM01813 สิเทค | E111: สิเทค | G111: 45977 | H111: 45978 | I111: 1 | J111: 400 | L111: 400 | M111: เช็คเอาท์แล้ว | O111: จองซ้อน
A112: VP01844 | B112: N2 | C112: Standard | D112: CM01814 รถน้ำดื่ม | E112: รถน้ำดื่ม | G112: 45977 | H112: 45978 | I112: 1 | J112: 500 | L112: 500 | M112: เช็คเอาท์แล้ว | O112: จองซ้อน
A113: VP01845 | B113: B107 | C113: Standard | D113: CM01816 เทพธิดา | E113: เทพธิดา | G113: 45977 | H113: 45978 | I113: 1 | J113: 400 | L113: 400 | M113: เช็คเอาท์แล้ว | O113: จองซ้อน
A114: VP01846 | B114: B206 | C114: Standard | D114: CM01817 อนันต์ | E114: อนันต์ | G114: 45977 | H114: 45978 | I114: 1 | J114: 400 | L114: 400 | M114: เช็คเอาท์แล้ว
...

Sheet Setting
A1: หมวดรายได้ | B1: หมวดรายจ่าย | C1: ช่องทางการชำระ (รับ/จ่าย) | D1: ประเทศ | E1: ช่องทางจอง (Source) | F1: No. | G1: เดือน | H1: ชื่อย่อ | I1: ข้อมูลบริษัท
A2: ค่าห้องรายวัน | B2: อาหาร | C2: เงินสด | D2: ไทย | E2: Walk-in | F2: 1 | G2: มกราคม | H2: ม.ค. | I2: ชื่อบริษัท | J2: บริษัท วิพัฒน์โฮเทล.ดีเวลอปเมนท์ จำกัด
A3: ค่าห้องรายเดือน | B3: ค่าวัสดุสิ้นเปลือง | C3: โอนผ่าน QR Code | E3: โทรศัพท์ | F3: 2 | G3: กุมภาพันธ์ | H3: ก.พ. | I3: ที่อยู่บริษัท | J3: 426 หมู่ที่9 ตำบลบึงกาฬ อำเภอเมืองบึงกาฬ จังหวัดบึงกาฬ 38000
A4: ค่าเช่าบ้าน | B4: ค่าอินเทอร์เน็ต/โทรศัพท์ | C4: โอนผ่านบัญชีธนาคาร | E4: Line | F4: 3 | G4: มีนาคม | H4: มี.ค. | I4: เบอร์โทรศัพท์ | J4: โทร 080-6254859,042-492641
B5: ค่าน้ำ/ค่าไฟ | C5: Booking | E5: Booking | F5: 4 | G5: เมษายน | H5: เม.ย. | I5: เลขประจำตัว | J5: เลขประจำตัวผู้เสียภาษีอากร 0-3855-59000-07-5
B6: ซ่อมบำรุง / อุปกรณ์ | F6: 5 | G6: พฤษภาคม | H6: พ.ค. | I6: อีเมล | J6: vipathotel@gmail.com
B7: ค่าแรง / เงินเดือน | F7: 6 | G7: มิถุนายน | H7: มิ.ย. | I7: Logo บริษัท
B8: การตลาด & โปรโมชัน | F8: 7 | G8: กรกฎาคม | H8: ก.ค. | J8: (สำนักงานใหญ่)
B9: ค่าเช่า/ภาษีโรงเรือน | F9: 8 | G9: สิงหาคม | H9: ส.ค.
B10: ค่าที่ปรึกษา/บริการวิชาชีพ | F10: 9 | G10: กันยายน | H10: ก.ย.
B11: อื่นๆ | F11: 10 | G11: ตุลาคม | H11: ต.ค.
F12: 11 | G12: พฤศจิกายน | H12: พ.ย.
F13: 12 | G13: ธันวาคม | H13: ธ.ค.

Sheet ประวัติมิเตอร์น้ำไฟ
A1: A204 | Q1: ข้อมูลเช่ารายเดือน
A2: เดือน | B2: มกราคม | C2: กุมภาพันธ์ | D2: มีนาคม | E2: เมษายน | F2: พฤษภาคม | G2: มิถุนายน | H2: กรกฎาคม | I2: สิงหาคม | J2: กันยายน | K2: ตุลาคม | L2: พฤศจิกายน | M2: ธันวาคม | P2: หมายเลขห้อง | Q2: A206
A3: ค่ามิเตอร์ไฟ | B3: 5217 | C3: 5294 | D3: 5418 | E3: 5580 | F3: 5756 | G3: 5889 | H3: 5990 | I3: 6099 | J3: 6214 | K3: 6351 | L3: 6441 | M3: 6544 | P3: ชื่อ | Q3: น.ส.กมลวรรณ แสงลี
A4: ค่ามิเตอร์น้ำ | B4: 151 | C4: 155 | D4: 158 | E4: 164 | F4: 125 | G4: 172 | H4: 176 | I4: 179 | J4: 183 | K4: 187 | L4: 191 | M4: 194 | P4: เลขประจำตัวประชาชน: | Q4: 1 4708 00288 60 7
A5: ค่าเช่า | B5: 3500 | C5: 3500 | D5: 3500 | E5: 3500 | F5: 3500 | G5: 3500 | H5: 3500 | I5: 3500 | J5: 3500 | K5: 3500 | L5: 3500 | M5: 3500 | P5: วันเกิด: | Q5: 233922
A6: รวม | K6: 4696 | P6: ที่อยู่: | Q6: 73 หมู่ที่ 6 ตำบลวานรนิวาส อำเภอวานรนิวาส จังหวัดสกลนคร
A7: A205 | P7: วันที่เซ็นสัญญาเช่า:
A8: เดือน | B8: มกราคม | C8: กุมภาพันธ์ | D8: มีนาคม | E8: เมษายน | F8: พฤษภาคม | G8: มิถุนายน | H8: กรกฎาคม | I8: สิงหาคม | J8: กันยายน | K8: ตุลาคม | L8: พฤศจิกายน | M8: ธันวาคม
A9: ค่ามิเตอร์ไฟ | B9: 7915 | C9: 8004 | D9: 8131 | E9: 8261 | F9: 8451 | G9: 8632 | H9: 8801 | I9: 8978 | J9: 9171 | K9: 9321 | L9: 9413 | M9: 9489 | P9: หมายเลขห้อง | Q9: A208
A10: ค่ามิเตอร์น้ำ | B10: 172 | C10: 176 | D10: 180 | E10: 184 | F10: 188 | G10: 192 | H10: 196 | I10: 201 | J10: 206 | K10: 210 | L10: 214 | M10: 219 | P10: ชื่อ | Q10: นาย สัญญา วารุกะ
A11: ค่าเช่า | B11: 3500 | C11: 3500 | D11: 3500 | E11: 3500 | F11: 3500 | G11: 3500 | H11: 3500 | I11: 3500 | J11: 3500 | K11: 3500 | L11: 3500 | M11: 3500 | P11: เลขประจำตัวประชาชน: | Q11: 4310 00183 60 3
A12: รวม | K12: 4800 | P12: วันเกิด: | Q12: 225795
A13: A206 | P13: ที่อยู่: | Q13: 10 หมู่ที่ 2 ต.ปากคาด อ.ปากคาด จ.บึงกาฬ
A14: เดือน | B14: มกราคม | C14: กุมภาพันธ์ | D14: มีนาคม | E14: เมษายน | F14: พฤษภาคม | G14: มิถุนายน | H14: กรกฎาคม | I14: สิงหาคม | J14: กันยายน | K14: ตุลาคม | L14: พฤศจิกายน | M14: ธันวาคม | P14: วันที่เซ็นสัญญาเช่า:
A15: ค่ามิเตอร์ไฟ | J15: 9698 | K15: 9826 | L15: 9863 | M15: 9897
A16: ค่ามิเตอร์น้ำ | J16: 300 | K16: 302 | L16: 303 | M16: 305 | P16: หมายเลขห้อง | Q16: A205
A17: ค่าเช่า | J17: 3500 | K17: 3500 | L17: 3500 | M17: 3500 | P17: ชื่อ | Q17: น.ส. จีรัญญา มหาคม
A18: รวม | J18: ตั้งต้น | P18: เลขประจำตัวประชาชน:
A19: A208 | P19: วันเกิด:
A20: เดือน | B20: มกราคม | C20: กุมภาพันธ์ | D20: มีนาคม | E20: เมษายน | F20: พฤษภาคม | G20: มิถุนายน | H20: กรกฎาคม | I20: สิงหาคม | J20: กันยายน | K20: ตุลาคม | L20: พฤศจิกายน | M20: ธันวาคม | P20: ที่อยู่:
A21: ค่ามิเตอร์ไฟ | I21: 6340 | J21: 6511 | K21: 6690 | L21: 6755 | M21: 6797 | P21: วันที่เซ็นสัญญาเช่า:
A22: ค่ามิเตอร์น้ำ | I22: 311 | J22: 314 | K22: 317 | L22: 320 | M22: 323
A23: ค่าเช่า | I23: 3500 | J23: 3500 | K23: 3500 | L23: 3500 | M23: 3500 | P23: หมายเลขห้อง | Q23: A204
A24: รวม | I24: ตั้งต้น | K24: 6370 | P24: ชื่อ | Q24: นาย ณัฐภัทร ไกรรัตน์
A25: A211 | P25: เลขประจำตัวประชาชน:
A26: เดือน | B26: มกราคม | C26: กุมภาพันธ์ | D26: มีนาคม | E26: เมษายน | F26: พฤษภาคม | G26: มิถุนายน | H26: กรกฎาคม | I26: สิงหาคม | J26: กันยายน | K26: ตุลาคม | L26: พฤศจิกายน | M26: ธันวาคม | P26: วันเกิด:
A27: ค่ามิเตอร์ไฟ | K27: 6620 | L27: 6692 | P27: ที่อยู่:
A28: ค่ามิเตอร์น้ำ | K28: 393 | L28: 398 | P28: วันที่เซ็นสัญญาเช่า:
A29: ค่าเช่า | K29: 3500 | L29: 3500
A30: รวม | K30: ตั้งต้น | P30: หมายเลขห้อง | Q30: บ้านแฝด 1
A31: A207 | P31: ชื่อ | Q31: หน่วยงาน กรองปราบปราม
A32: เดือน | B32: มกราคม | C32: กุมภาพันธ์ | D32: มีนาคม | E32: เมษายน | F32: พฤษภาคม | G32: มิถุนายน | H32: กรกฎาคม | I32: สิงหาคม | J32: กันยายน | K32: ตุลาคม | L32: พฤศจิกายน | M32: ธันวาคม | P32: เลขประจำตัวประชาชน: | Q32: -
A33: ค่ามิเตอร์ไฟ | P33: วันเกิด: | Q33: -
A34: ค่ามิเตอร์น้ำ | P34: ที่อยู่: | Q34: -
A35: ค่าเช่า | P35: วันที่เซ็นสัญญาเช่า: | Q35: 45953
A36: รวม
A37: บ้านแฝด 1 | P37: หมายเลขห้อง | Q37: บ้านแฝด 2
A38: เดือน | B38: มกราคม | C38: กุมภาพันธ์ | D38: มีนาคม | E38: เมษายน | F38: พฤษภาคม | G38: มิถุนายน | H38: กรกฎาคม | I38: สิงหาคม | J38: กันยายน | K38: ตุลาคม | L38: พฤศจิกายน | M38: ธันวาคม | P38: ชื่อ | Q38: หน่วยงาน กรองปราบปราม
A39: ค่ามิเตอร์ไฟ | K39: 111 | L39: 584 | M39: 849 | P39: เลขประจำตัวประชาชน: | Q39: -
A40: ค่ามิเตอร์น้ำ | K40: 752 | L40: 758 | M40: 764 | P40: วันเกิด: | Q40: -
A41: ค่าเช่า | K41: - | L41: 7000 | M41: 7000 | P41: ที่อยู่: | Q41: -
A42: รวม | K42: ตั้งต้น | P42: วันที่เซ็นสัญญาเช่า: | Q42: 45962
A43: บ้านแฝด 2
A44: เดือน | B44: มกราคม | C44: กุมภาพันธ์ | D44: มีนาคม | E44: เมษายน | F44: พฤษภาคม | G44: มิถุนายน | H44: กรกฎาคม | I44: สิงหาคม | J44: กันยายน | K44: ตุลาคม | L44: พฤศจิกายน | M44: ธันวาคม | P44: หมายเลขห้อง | Q44: A211
A45: ค่ามิเตอร์ไฟ | K45: 0 | L45: 131 | M45: 302 | P45: ชื่อ | Q45: นาย อชิรวิชญ์ ใจชื่น
A46: ค่ามิเตอร์น้ำ | K46: 170 | L46: 177 | M46: 184 | P46: เลขประจำตัวประชาชน: | Q46: 1 4099 01497 31 5
A47: ค่าเช่า | K47: - | L47: 7000 | M47: 7000 | P47: วันเกิด: | Q47: 233722
A48: รวม | K48: ตั้งต้น | P48: ที่อยู่: | Q48: 193 หมู่ที่ 13 ต.สำราญ อ.เมืองขอนแก่น
P49: วันที่เซ็นสัญญาเช่า: | Q49: 45982
P52: หมายเลขห้อง | Q52: A207
P53: ชื่อ | Q53: นางอุดมลักษณ์ วงศรีษา
P54: เลขประจำตัวประชาชน: | Q54: 3-3018-00078-48-1
P55: วันเกิด: | Q55: 225369
P56: ที่อยู่: | Q56: 222 หมู่ที่ 12 ต.ลานสะแก อ.พยัคฆภูมิพิสัย จ.มหาสารคาม
P57: วันที่เซ็นสัญญาเช่า: | Q57: 46007

Sheet report1
A1: SQL
A2: limit | B2: 10

Sheet ใบแจ้งค่าเช่า
A1: ใบแจ้งค่าเช่ารายเดือน
A2: ชื่อ-สกุล | B2: {=INDEX('ประวัติมิเตอร์น้ำไฟ'!$Q:$Q, MATCH($D$2, 'ประวัติมิเตอร์น้ำไฟ'!$Q:$Q, 0)+1)} -> น.ส.กมลวรรณ แสงลี | D2: A206 | E2: ประจำเดือน | F2: ธันวาคม
A3: รายการ | B3: มิเตอร์ครั้งก่อน | C3: มิเตอร์ครั้งใหม่ | D3: รวมหน่วย | E3: หน่วยละ | F3: รวม
A4: ค่าห้องพัก | B4: - | F4: 3500
A5: ค่าไฟ | B5: {=INDEX('ประวัติมิเตอร์น้ำไฟ'!$A:$N, MATCH($D$2, 'ประวัติมิเตอร์น้ำไฟ'!$A:$A, 0)+2, MATCH($F$2, 'ประวัติมิเตอร์น้ำไฟ'!$2:$2, 0)-1)} -> 9863 | C5: {=INDEX('ประวัติมิเตอร์น้ำไฟ'!$A:$N, MATCH($D$2, 'ประวัติมิเตอร์น้ำไฟ'!$A:$A, 0)+2, MATCH($F$2, 'ประวัติมิเตอร์น้ำไฟ'!$2:$2, 0))} -> 9897 | D5: =C5-B5 -> 34 | E5: 8 | F5: =D5*E5 -> 272
A6: ค่าน้ำ | B6: {=INDEX('ประวัติมิเตอร์น้ำไฟ'!$A:$N, MATCH($D$2, 'ประวัติมิเตอร์น้ำไฟ'!$A:$A, 0)+3, MATCH($F$2, 'ประวัติมิเตอร์น้ำไฟ'!$2:$2, 0)-1)} -> 303 | C6: {=INDEX('ประวัติมิเตอร์น้ำไฟ'!$A:$N, MATCH($D$2, 'ประวัติมิเตอร์น้ำไฟ'!$A:$A, 0)+3, MATCH($F$2, 'ประวัติมิเตอร์น้ำไฟ'!$2:$2, 0))} -> 305 | D6: =C6-B6 -> 2 | E6: 25 | F6: =D6*E6 -> 50
A7: (รวม) ค่ามัดจำ+ค่าค่าเช่าล่วงหน้า | B7: (หัก) ค่าเช่าเดือน ธ.ค.68 | C7: (หัก) ทำความสะอาด หลังยกเลิกสัญญาเช่า | D7: ยอดคงเหลือ สุทธิ | E7: =A8-B8-C8 -> 2878
A8: 7000 | B8: =F4+F5+F6 -> 3822 | C8: 300
A10: **กรุณาจ่ายเงินก่อนวันที่ 5 ของเดือน**
A11: ชำระช้าปรับวันละ 50 บาท
A12: **จ่ายเงินได้ที่ออฟฟิตหน้าโรงแรม**
A13: ติดต่อสอบถาม โทร 080-6254859,042-492641
A18: =A1 -> ใบแจ้งค่าเช่ารายเดือน
A19: ชื่อ-สกุล | B19: {=INDEX('ประวัติมิเตอร์น้ำไฟ'!$Q:$Q, MATCH($D$2, 'ประวัติมิเตอร์น้ำไฟ'!$Q:$Q, 0)+1)} -> น.ส.กมลวรรณ แสงลี | D19: =D2 -> A206 | E19: ประจำเดือน | F19: ธันวาคม
A20: รายการ | B20: มิเตอร์ครั้งก่อน | C20: มิเตอร์ครั้งใหม่ | D20: รวมหน่วย | E20: หน่วยละ | F20: รวม
A21: ค่าห้องพัก | B21: =B4 -> - | F21: =F4 -> 3500
A22: ค่าไฟ | B22: {=INDEX('ประวัติมิเตอร์น้ำไฟ'!$A:$N, MATCH($D$2, 'ประวัติมิเตอร์น้ำไฟ'!$A:$A, 0)+2, MATCH($F$2, 'ประวัติมิเตอร์น้ำไฟ'!$2:$2, 0)-1)} -> 9863 | C22: {=INDEX('ประวัติมิเตอร์น้ำไฟ'!$A:$N, MATCH($D$2, 'ประวัติมิเตอร์น้ำไฟ'!$A:$A, 0)+2, MATCH($F$2, 'ประวัติมิเตอร์น้ำไฟ'!$2:$2, 0))} -> 9897 | D22: =C22-B22 -> 34 | E22: 8 | F22: =D22*E22 -> 272
A23: ค่าน้ำ | B23: {=INDEX('ประวัติมิเตอร์น้ำไฟ'!$A:$N, MATCH($D$2, 'ประวัติมิเตอร์น้ำไฟ'!$A:$A, 0)+3, MATCH($F$2, 'ประวัติมิเตอร์น้ำไฟ'!$2:$2, 0)-1)} -> 303 | C23: {=INDEX('ประวัติมิเตอร์น้ำไฟ'!$A:$N, MATCH($D$2, 'ประวัติมิเตอร์น้ำไฟ'!$A:$A, 0)+3, MATCH($F$2, 'ประวัติมิเตอร์น้ำไฟ'!$2:$2, 0))} -> 305 | D23: =C23-B23 -> 2 | E23: 25 | F23: =D23*E23 -> 50
A24: รวม | F24: =F22+F23 -> 322
A25: **กรุณาจ่ายเงินก่อนวันที่ 5 ของเดือน**
A26: ชำระช้าปรับวันละ 50 บาท
A27: **จ่ายเงินได้ที่ออฟฟิตหน้าโรงแรม**
A28: ติดต่อสอบถาม โทร 080-6254859,042-492641

Sheet wax.run
A1: owner | B1: nssuwan186@gmail.com
A2: valid | B2: =validateJson(A6) -> Loading...
A3: docs | B3: https://waxdotrun.notion.site/Configuration-wax-run-Sheet-07641fda08804f6181252bd267ddc6af
A6: { "uuid": "369846f474e74706b29e2eedb8812d0d", "spreadsheetId": "1Tes9bQ7qyq5v4MPidprzxaXL8OuF7A6QlvK8GLAjzuY", "integrationId": null, "actions": { "report1-run": { "type": "sql", "button": "run", "sheetName": "report1", "codeCell": "B1", "destination": "A6" } }, "buttons": {}, "schedule": {}, "ok": true }

Sheet wax.log
A1: email | B1: date | C1: sheet | D1: message
A2: nssuwan186@gmail.com | B2: 46017.763 | C2: wax.run | D2: wax.run and wax.log added
A3: nssuwan186@gmail.com | B3: 46019.862 | C3: report1 | D3: Action button added. Tip: Right-click the button then drag to move it.
A4: nssuwan186@gmail.com | B4: 46019.862 | C4: report1 | D4: SQL:
A5: nssuwan186@gmail.com | B5: 46019.862 | C5: report1 | D5: SQL:

Sheet สมุดบัญชี
A1: วันที่ | B1: คอลัมน์ 1 | C1: รายการ/ชื่อลูกค้า | D1: เบอร์โทร | E1: ห้อง | F1: จำนวน | G1: จ่าย (ออก) | H1: รับ (เข้า) | I1: ช่องทางการชำระ (รับ/จ่าย) | J1: ยอดคงเหลือ | K1: มัดจำ | L1: หมวดรายได้ | M1: หมวดรายจ่าย
A2: 45960 | B2: =A2+F2 -> 45960 | C2: ยอดยกมา | F2: 0 | G2: 0 | H2: 0 | I2: ยกมา | J2: 2447 | K2: 0 | L2: =IF(H2>0, IFS(E2<>"", "ค่าห้องรายวัน", ISNUMBER(SEARCH("ค่าเช่า", C2)), "ค่าเช่าบ้าน", TRUE, "รายรับอื่นๆ"), "") | M2: =IF(G2>0, IFS(ISNUMBER(SEARCH("หักมัดจำ", C2)), "หักมัดจำ", OR(ISNUMBER(SEARCH("เบิก", C2)), ISNUMBER(SEARCH("ซื้อของ", C2))), "ค่าวัสดุ/ซื้อของ", OR(ISNUMBER(SEARCH("ค่าน้ำ", C2)), ISNUMBER(SEARCH("ค่าไฟ", C2))), "ค่าน้ำ/ค่าไฟ", ISNUMBER(SEARCH("ค่าจ้าง", C2)), "ค่าแรง/เงินเดือน", TRUE, "รายจ่ายอื่นๆ"), "")
A3: 45960 | B3: =A3+F3 -> 45961 | C3: อนันต์ | E3: B108 | F3: 1 | G3: 0 | H3: 400 | J3: 2847 | K3: 100 | L3: =IF(H3>0, IFS(E3<>"", "ค่าห้องรายวัน", ISNUMBER(SEARCH("ค่าเช่า", C3)), "ค่าเช่าบ้าน", TRUE, "รายรับอื่นๆ"), "") -> ค่าห้องรายวัน | M3: =IF(G3>0, IFS(ISNUMBER(SEARCH("หักมัดจำ", C3)), "หักมัดจำ", OR(ISNUMBER(SEARCH("เบิก", C3)), ISNUMBER(SEARCH("ซื้อของ", C3))), "ค่าวัสดุ/ซื้อของ", OR(ISNUMBER(SEARCH("ค่าน้ำ", C3)), ISNUMBER(SEARCH("ค่าไฟ", C3))), "ค่าน้ำ/ค่าไฟ", ISNUMBER(SEARCH("ค่าจ้าง", C3)), "ค่าแรง/เงินเดือน", TRUE, "รายจ่ายอื่นๆ"), "")
A4: 45960 | B4: =A4+F4 -> 45961 | C4: ปศุสัตว์ | E4: N3 | F4: 1 | G4: 0 | H4: 500 | J4: 3347 | K4: 200 | L4: =IF(H4>0, IFS(E4<>"", "ค่าห้องรายวัน", ISNUMBER(SEARCH("ค่าเช่า", C4)), "ค่าเช่าบ้าน", TRUE, "รายรับอื่นๆ"), "") -> ค่าห้องรายวัน | M4: =IF(G4>0, IFS(ISNUMBER(SEARCH("หักมัดจำ", C4)), "หักมัดจำ", OR(ISNUMBER(SEARCH("เบิก", C4)), ISNUMBER(SEARCH("ซื้อของ", C4))), "ค่าวัสดุ/ซื้อของ", OR(ISNUMBER(SEARCH("ค่าน้ำ", C4)), ISNUMBER(SEARCH("ค่าไฟ", C4))), "ค่าน้ำ/ค่าไฟ", ISNUMBER(SEARCH("ค่าจ้าง", C4)), "ค่าแรง/เงินเดือน", TRUE, "รายจ่ายอื่นๆ"), "")
A5: 45960 | B5: =A5+F5 -> 45961 | C5: ชัยสิทธิ์ | E5: N7 | F5: 1 | G5: 0 | H5: 500 | I5: โอน | J5: 0 | K5: 0 | L5: =IF(H5>0, IFS(E5<>"", "ค่าห้องรายวัน", ISNUMBER(SEARCH("ค่าเช่า", C5)), "ค่าเช่าบ้าน", TRUE, "รายรับอื่นๆ"), "") -> ค่าห้องรายวัน | M5: =IF(G5>0, IFS(ISNUMBER(SEARCH("หักมัดจำ", C5)), "หักมัดจำ", OR(ISNUMBER(SEARCH("เบิก", C5)), ISNUMBER(SEARCH("ซื้อของ", C5))), "ค่าวัสดุ/ซื้อของ", OR(ISNUMBER(SEARCH("ค่าน้ำ", C5)), ISNUMBER(SEARCH("ค่าไฟ", C5))), "ค่าน้ำ/ค่าไฟ", ISNUMBER(SEARCH("ค่าจ้าง", C5)), "ค่าแรง/เงินเดือน", TRUE, "รายจ่ายอื่นๆ"), "")
A6: 45960 | B6: =A6+F6 -> 45961 | C6: น้องชัย | D6: 080-6341466 | E6: B104 | F6: 1 | G6: 0 | H6: 500 | I6: โอน | J6: 0 | K6: 0 | L6: =IF(H6>0, IFS(E6<>"", "ค่าห้องรายวัน", ISNUMBER(SEARCH("ค่าเช่า", C6)), "ค่าเช่าบ้าน", TRUE, "รายรับอื่นๆ"), "") -> ค่าห้องรายวัน | M6: =IF(G6>0, IFS(ISNUMBER(SEARCH("หักมัดจำ", C6)), "หักมัดจำ", OR(ISNUMBER(SEARCH("เบิก", C6)), ISNUMBER(SEARCH("ซื้อของ", C6))), "ค่าวัสดุ/ซื้อของ", OR(ISNUMBER(SEARCH("ค่าน้ำ", C6)), ISNUMBER(SEARCH("ค่าไฟ", C6))), "ค่าน้ำ/ค่าไฟ", ISNUMBER(SEARCH("ค่าจ้าง", C6)), "ค่าแรง/เงินเดือน", TRUE, "รายจ่ายอื่นๆ"), "")
A7: 45960 | B7: =A7+F7 -> 45960 | C7: หักมัดจำ | F7: 0 | G7: 100 | H7: 0 | J7: 3747 | K7: 0 | L7: =IF(H7>0, IFS(E7<>"", "ค่าห้องรายวัน", ISNUMBER(SEARCH("ค่าเช่า", C7)), "ค่าเช่าบ้าน", TRUE, "รายรับอื่นๆ"), "") | M7: =IF(G7>0, IFS(ISNUMBER(SEARCH("หักมัดจำ", C7)), "หักมัดจำ", OR(ISNUMBER(SEARCH("เบิก", C7)), ISNUMBER(SEARCH("ซื้อของ", C7))), "ค่าวัสดุ/ซื้อของ", OR(ISNUMBER(SEARCH("ค่าน้ำ", C7)), ISNUMBER(SEARCH("ค่าไฟ", C7))), "ค่าน้ำ/ค่าไฟ", ISNUMBER(SEARCH("ค่าจ้าง", C7)), "ค่าแรง/เงินเดือน", TRUE, "รายจ่ายอื่นๆ"), "") -> หักมัดจำ
A8: 45961 | B8: =A8+F8 -> 45962 | C8: Ascend | E8: A105 | F8: 1 | G8: 0 | H8: 500 | I8: Ascend | J8: 3847 | K8: 200 | L8: =IF(H8>0, IFS(E8<>"", "ค่าห้องรายวัน", ISNUMBER(SEARCH("ค่าเช่า", C8)), "ค่าเช่าบ้าน", TRUE, "รายรับอื่นๆ"), "") -> ค่าห้องรายวัน | M8: =IF(G8>0, IFS(ISNUMBER(SEARCH("หักมัดจำ", C8)), "หักมัดจำ", OR(ISNUMBER(SEARCH("เบิก", C8)), ISNUMBER(SEARCH("ซื้อของ", C8))), "ค่าวัสดุ/ซื้อของ", OR(ISNUMBER(SEARCH("ค่าน้ำ", C8)), ISNUMBER(SEARCH("ค่าไฟ", C8))), "ค่าน้ำ/ค่าไฟ", ISNUMBER(SEARCH("ค่าจ้าง", C8)), "ค่าแรง/เงินเดือน", TRUE, "รายจ่ายอื่นๆ"), "")
A9: 45961 | B9: =A9+F9 -> 45961 | C9: ค่าเช่าบ้านแฝด 2 | F9: 0 | G9: 0 | H9: 7000 | J9: 10747 | K9: 0 | L9: =IF(H9>0, IFS(E9<>"", "ค่าห้องรายวัน", ISNUMBER(SEARCH("ค่าเช่า", C9)), "ค่าเช่าบ้าน", TRUE, "รายรับอื่นๆ"), "") -> ค่าเช่าบ้าน | M9: =IF(G9>0, IFS(ISNUMBER(SEARCH("หักมัดจำ", C9)), "หักมัดจำ", OR(ISNUMBER(SEARCH("เบิก", C9)), ISNUMBER(SEARCH("ซื้อของ", C9))), "ค่าวัสดุ/ซื้อของ", OR(ISNUMBER(SEARCH("ค่าน้ำ", C9)), ISNUMBER(SEARCH("ค่าไฟ", C9))), "ค่าน้ำ/ค่าไฟ", ISNUMBER(SEARCH("ค่าจ้าง", C9)), "ค่าแรง/เงินเดือน", TRUE, "รายจ่ายอื่นๆ"), "")
A10: 45961 | B10: =A10+F10 -> 45962 | C10: คนขับ | D10: 063-724-4309 | E10: N2 | F10: 1 | G10: 0 | H10: 500 | I10: โอน พักต่อ | J10: 0 | K10: 0 | L10: =IF(H10>0, IFS(E10<>"", "ค่าห้องรายวัน", ISNUMBER(SEARCH("ค่าเช่า", C10)), "ค่าเช่าบ้าน", TRUE, "รายรับอื่นๆ"), "") -> ค่าห้องรายวัน | M10: =IF(G10>0, IFS(ISNUMBER(SEARCH("หักมัดจำ", C10)), "หักมัดจำ", OR(ISNUMBER(SEARCH("เบิก", C10)), ISNUMBER(SEARCH("ซื้อของ", C10))), "ค่าวัสดุ/ซื้อของ", OR(ISNUMBER(SEARCH("ค่าน้ำ", C10)), ISNUMBER(SEARCH("ค่าไฟ", C10))), "ค่าน้ำ/ค่าไฟ", ISNUMBER(SEARCH("ค่าจ้าง", C10)), "ค่าแรง/เงินเดือน", TRUE, "รายจ่ายอื่นๆ"), "")
A11: 45961 | B11: =A11+F11 -> 45961 | C11: ฝากเพชร | F11: 0 | G11: 10000 | H11: 0 | J11: 747 | K11: 0 | L11: =IF(H11>0, IFS(E11<>"", "ค่าห้องรายวัน", ISNUMBER(SEARCH("ค่าเช่า", C11)), "ค่าเช่าบ้าน", TRUE, "รายรับอื่นๆ"), "") | M11: =IF(G11>0, IFS(ISNUMBER(SEARCH("หักมัดจำ", C11)), "หักมัดจำ", OR(ISNUMBER(SEARCH("เบิก", C11)), ISNUMBER(SEARCH("ซื้อของ", C11))), "ค่าวัสดุ/ซื้อของ", OR(ISNUMBER(SEARCH("ค่าน้ำ", C11)), ISNUMBER(SEARCH("ค่าไฟ", C11))), "ค่าน้ำ/ค่าไฟ", ISNUMBER(SEARCH("ค่าจ้าง", C11)), "ค่าแรง/เงินเดือน", TRUE, "รายจ่ายอื่นๆ"), "") -> รายจ่ายอื่นๆ
A12: 45961 | B12: =A12+F12 -> 45962 | C12: ฉัตรชัย | D12: 080-6341466 | E12: B104 | F12: 1 | G12: 0 | H12: 400 | I12: โอน พักต่อ | J12: 0 | K12: 0 | L12: =IF(H12>0, IFS(E12<>"", "ค่าห้องรายวัน", ISNUMBER(SEARCH("ค่าเช่า", C12)), "ค่าเช่าบ้าน", TRUE, "รายรับอื่นๆ"), "") -> ค่าห้องรายวัน | M12: =IF(G12>0, IFS(ISNUMBER(SEARCH("หักมัดจำ", C12)), "หักมัดจำ", OR(ISNUMBER(SEARCH("เบิก", C12)), ISNUMBER(SEARCH("ซื้อของ", C12))), "ค่าวัสดุ/ซื้อของ", OR(ISNUMBER(SEARCH("ค่าน้ำ", C12)), ISNUMBER(SEARCH("ค่าไฟ", C12))), "ค่าน้ำ/ค่าไฟ", ISNUMBER(SEARCH("ค่าจ้าง", C12)), "ค่าแรง/เงินเดือน", TRUE, "รายจ่ายอื่นๆ"), "")
A13: 45961 | B13: =A13+F13 -> 45962 | C13: รจนา | E13: N7 | F13: 1 | G13: 0 | H13: 700 | I13: โอน | J13: 0 | K13: 0 | L13: =IF(H13>0, IFS(E13<>"", "ค่าห้องรายวัน", ISNUMBER(SEARCH("ค่าเช่า", C13)), "ค่าเช่าบ้าน", TRUE, "รายรับอื่นๆ"), "") -> ค่าห้องรายวัน | M13: =IF(G13>0, IFS(ISNUMBER(SEARCH("หักมัดจำ", C13)), "หักมัดจำ", OR(ISNUMBER(SEARCH("เบิก", C13)), ISNUMBER(SEARCH("ซื้อของ", C13))), "ค่าวัสดุ/ซื้อของ", OR(ISNUMBER(SEARCH("ค่าน้ำ", C13)), ISNUMBER(SEARCH("ค่าไฟ", C13))), "ค่าน้ำ/ค่าไฟ", ISNUMBER(SEARCH("ค่าจ้าง", C13)), "ค่าแรง/เงินเดือน", TRUE, "รายจ่ายอื่นๆ"), "")
A14: 45961 | B14: =A14+F14 -> 45961 | C14: หักมัดจำ | E14: N7 | F14: 0 | G14: 200 | H14: 0 | J14: 547 | K14: 0 | L14: =IF(H14>0, IFS(E14<>"", "ค่าห้องรายวัน", ISNUMBER(SEARCH("ค่าเช่า", C14)), "ค่าเช่าบ้าน", TRUE, "รายรับอื่นๆ"), "") | M14: =IF(G14>0, IFS(ISNUMBER(SEARCH("หักมัดจำ", C14)), "หักมัดจำ", OR(ISNUMBER(SEARCH("เบิก", C14)), ISNUMBER(SEARCH("ซื้อของ", C14))), "ค่าวัสดุ/ซื้อของ", OR(ISNUMBER(SEARCH("ค่าน้ำ", C14)), ISNUMBER(SEARCH("ค่าไฟ", C14))), "ค่าน้ำ/ค่าไฟ", ISNUMBER(SEARCH("ค่าจ้าง", C14)), "ค่าแรง/เงินเดือน", TRUE, "รายจ่ายอื่นๆ"), "") -> หักมัดจำ
A15: 45961 | B15: =A15+F15 -> 45961 | C15: รับเข้าออฟฟิศ | F15: 0 | G15: 0 | H15: 2504 | J15: 3051 | K15: 0 | L15: =IF(H15>0, IFS(E15<>"", "ค่าห้องรายวัน", ISNUMBER(SEARCH("ค่าเช่า", C15)), "ค่าเช่าบ้าน", TRUE, "รายรับอื่นๆ"), "") -> รายรับอื่นๆ | M15: =IF(G15>0, IFS(ISNUMBER(SEARCH("หักมัดจำ", C15)), "หักมัดจำ", OR(ISNUMBER(SEARCH("เบิก", C15)), ISNUMBER(SEARCH("ซื้อของ", C15))), "ค่าวัสดุ/ซื้อของ", OR(ISNUMBER(SEARCH("ค่าน้ำ", C15)), ISNUMBER(SEARCH("ค่าไฟ", C15))), "ค่าน้ำ/ค่าไฟ", ISNUMBER(SEARCH("ค่าจ้าง", C15)), "ค่าแรง/เงินเดือน", TRUE, "รายจ่ายอื่นๆ"), "")
A16: 45961 | B16: =A16+F16 -> 45961 | C16: หักจ่ายค่าจ้าง (เพิ่มเติม) | F16: 0 | G16: 2000 | H16: 0 | J16: 1051 | K16: 0 | L16: =IF(H16>0, IFS(E16<>"", "ค่าห้องรายวัน", ISNUMBER(SEARCH("ค่าเช่า", C16)), "ค่าเช่าบ้าน", TRUE, "รายรับอื่นๆ"), "") | M16: =IF(G16>0, IFS(ISNUMBER(SEARCH("หักมัดจำ", C16)), "หักมัดจำ", OR(ISNUMBER(SEARCH("เบิก", C16)), ISNUMBER(SEARCH("ซื้อของ", C16))), "ค่าวัสดุ/ซื้อของ", OR(ISNUMBER(SEARCH("ค่าน้ำ", C16)), ISNUMBER(SEARCH("ค่าไฟ", C16))), "ค่าน้ำ/ค่าไฟ", ISNUMBER(SEARCH("ค่าจ้าง", C16)), "ค่าแรง/เงินเดือน", TRUE, "รายจ่ายอื่นๆ"), "") -> ค่าแรง/เงินเดือน
A17: 45961 | B17: =A17+F17 -> 45962 | C17: ทวีศักดิ์ | E17: A111 | F17: 1 | G17: 0 | H17: 400 | I17: พักต่อ | J17: 1451 | K17: 0 | L17: =IF(H17>0, IFS(E17<>"", "ค่าห้องรายวัน", ISNUMBER(SEARCH("ค่าเช่า", C17)), "ค่าเช่าบ้าน", TRUE, "รายรับอื่นๆ"), "") -> ค่าห้องรายวัน | M17: =IF(G17>0, IFS(ISNUMBER(SEARCH("หักมัดจำ", C17)), "หักมัดจำ", OR(ISNUMBER(SEARCH("เบิก", C17)), ISNUMBER(SEARCH("ซื้อของ", C17))), "ค่าวัสดุ/ซื้อของ", OR(ISNUMBER(SEARCH("ค่าน้ำ", C17)), ISNUMBER(SEARCH("ค่าไฟ", C17))), "ค่าน้ำ/ค่าไฟ", ISNUMBER(SEARCH("ค่าจ้าง", C17)), "ค่าแรง/เงินเดือน", TRUE, "รายจ่ายอื่นๆ"), "")
A18: 45961 | B18: =A18+F18 -> 45962 | C18: เต่า | D18: 081-0829343 | E18: A202 | F18: 1 | G18: 0 | H18: 400 | J18: 1851 | K18: 100 | L18: =IF(H18>0, IFS(E18<>"", "ค่าห้องรายวัน", ISNUMBER(SEARCH("ค่าเช่า", C18)), "ค่าเช่าบ้าน", TRUE, "รายรับอื่นๆ"), "") -> ค่าห้องรายวัน | M18: =IF(G18>0, IFS(ISNUMBER(SEARCH("หักมัดจำ", C18)), "หักมัดจำ", OR(ISNUMBER(SEARCH("เบิก", C18)), ISNUMBER(SEARCH("ซื้อของ", C18))), "ค่าวัสดุ/ซื้อของ", OR(ISNUMBER(SEARCH("ค่าน้ำ", C18)), ISNUMBER(SEARCH("ค่าไฟ", C18))), "ค่าน้ำ/ค่าไฟ", ISNUMBER(SEARCH("ค่าจ้าง", C18)), "ค่าแรง/เงินเดือน", TRUE, "รายจ่ายอื่นๆ"), "")
A19: 45961 | B19: =A19+F19 -> 45962 | C19: ชัยภักดิ์ | D19: 089-3997374 | E19: N3 | F19: 1 | G19: 0 | H19: 700 | I19: โอน+เงินสด | J19: 0 | K19: 0 | L19: =IF(H19>0, IFS(E19<>"", "ค่าห้องรายวัน", ISNUMBER(SEARCH("ค่าเช่า", C19)), "ค่าเช่าบ้าน", TRUE, "รายรับอื่นๆ"), "") -> ค่าห้องรายวัน | M19: =IF(G19>0, IFS(ISNUMBER(SEARCH("หักมัดจำ", C19)), "หักมัดจำ", OR(ISNUMBER(SEARCH("เบิก", C19)), ISNUMBER(SEARCH("ซื้อของ", C19))), "ค่าวัสดุ/ซื้อของ", OR(ISNUMBER(SEARCH("ค่าน้ำ", C19)), ISNUMBER(SEARCH("ค่าไฟ", C19))), "ค่าน้ำ/ค่าไฟ", ISNUMBER(SEARCH("ค่าจ้าง", C19)), "ค่าแรง/เงินเดือน", TRUE, "รายจ่ายอื่นๆ"), "")
A20: 45961 | B20: =A20+F20 -> 45961 | C20: หักมัดจำ (ชัยภักดิ์) | E20: N3 | F20: 0 | G20: 200 | H20: 0 | J20: 1651 | K20: 0 | L20: =IF(H20>0, IFS(E20<>"", "ค่าห้องรายวัน", ISNUMBER(SEARCH("ค่าเช่า", C20)), "ค่าเช่าบ้าน", TRUE, "รายรับอื่นๆ"), "") | M20: =IF(G20>0, IFS(ISNUMBER(SEARCH("หักมัดจำ", C20)), "หักมัดจำ", OR(ISNUMBER(SEARCH("เบิก", C20)), ISNUMBER(SEARCH("ซื้อของ", C20))), "ค่าวัสดุ/ซื้อของ", OR(ISNUMBER(SEARCH("ค่าน้ำ", C20)), ISNUMBER(SEARCH("ค่าไฟ", C20))), "ค่าน้ำ/ค่าไฟ", ISNUMBER(SEARCH("ค่าจ้าง", C20)), "ค่าแรง/เงินเดือน", TRUE, "รายจ่ายอื่นๆ"), "") -> หักมัดจำ
A21: 45961 | B21: =A21+F21 -> 45962 | C21: ปิยะณัฐ | D21: 088-9619595 | E21: B103 | F21: 1 | G21: 0 | H21: 500 | I21: โอนบัญชี | J21: 0 | K21: 0 | L21: =IF(H21>0, IFS(E21<>"", "ค่าห้องรายวัน", ISNUMBER(SEARCH("ค่าเช่า", C21)), "ค่าเช่าบ้าน", TRUE, "รายรับอื่นๆ"), "") -> ค่าห้องรายวัน | M21: =IF(G21>0, IFS(ISNUMBER(SEARCH("หักมัดจำ", C21)), "หักมัดจำ", OR(ISNUMBER(SEARCH("เบิก", C21)), ISNUMBER(SEARCH("ซื้อของ", C21))), "ค่าวัสดุ/ซื้อของ", OR(ISNUMBER(SEARCH("ค่าน้ำ", C21)), ISNUMBER(SEARCH("ค่าไฟ", C21))), "ค่าน้ำ/ค่าไฟ", ISNUMBER(SEARCH("ค่าจ้าง", C21)), "ค่าแรง/เงินเดือน", TRUE, "รายจ่ายอื่นๆ"), "")
A22: 45961 | B22: =A22+F22 -> 45961 | C22: หักมัดจำ (ปิยะณัฐ) | E22: B103 | F22: 0 | G22: 100 | H22: 0 | J22: 1551 | K22: 0 | L22: =IF(H22>0, IFS(E22<>"", "ค่าห้องรายวัน", ISNUMBER(SEARCH("ค่าเช่า", C22)), "ค่าเช่าบ้าน", TRUE, "รายรับอื่นๆ"), "") | M22: =IF(G22>0, IFS(ISNUMBER(SEARCH("หักมัดจำ", C22)), "หักมัดจำ", OR(ISNUMBER(SEARCH("เบิก", C22)), ISNUMBER(SEARCH("ซื้อของ", C22))), "ค่าวัสดุ/ซื้อของ", OR(ISNUMBER(SEARCH("ค่าน้ำ", C22)), ISNUMBER(SEARCH("ค่าไฟ", C22))), "ค่าน้ำ/ค่าไฟ", ISNUMBER(SEARCH("ค่าจ้าง", C22)), "ค่าแรง/เงินเดือน", TRUE, "รายจ่ายอื่นๆ"), "") -> หักมัดจำ
A23: 45961 | B23: =A23+F23 -> 45962 | C23: ลินดา วิลล์ | E23: B106 | F23: 1 | G23: 0 | H23: 400 | I23: พักต่อ | J23: 1951 | K23: 0 | L23: =IF(H23>0, IFS(E23<>"", "ค่าห้องรายวัน", ISNUMBER(SEARCH("ค่าเช่า", C23)), "ค่าเช่าบ้าน", TRUE, "รายรับอื่นๆ"), "") -> ค่าห้องรายวัน | M23: =IF(G23>0, IFS(ISNUMBER(SEARCH("หักมัดจำ", C23)), "หักมัดจำ", OR(ISNUMBER(SEARCH("เบิก", C23)), ISNUMBER(SEARCH("ซื้อของ", C23))), "ค่าวัสดุ/ซื้อของ", OR(ISNUMBER(SEARCH("ค่าน้ำ", C23)), ISNUMBER(SEARCH("ค่าไฟ", C23))), "ค่าน้ำ/ค่าไฟ", ISNUMBER(SEARCH("ค่าจ้าง", C23)), "ค่าแรง/เงินเดือน", TRUE, "รายจ่ายอื่นๆ"), "")
A24: 45962 | B24: =A24+F24 -> 45963 | C24: ฉัตรชัย | E24: B104 | F24: 1 | G24: 0 | H24: 400 | I24: โอนบัญชี | J24: 0 | K24: 0 | L24: =IF(H24>0, IFS(E24<>"", "ค่าห้องรายวัน", ISNUMBER(SEARCH("ค่าเช่า", C24)), "ค่าเช่าบ้าน", TRUE, "รายรับอื่นๆ"), "") -> ค่าห้องรายวัน | M24: =IF(G24>0, IFS(ISNUMBER(SEARCH("หักมัดจำ", C24)), "หักมัดจำ", OR(ISNUMBER(SEARCH("เบิก", C24)), ISNUMBER(SEARCH("ซื้อของ", C24))), "ค่าวัสดุ/ซื้อของ", OR(ISNUMBER(SEARCH("ค่าน้ำ", C24)), ISNUMBER(SEARCH("ค่าไฟ", C24))), "ค่าน้ำ/ค่าไฟ", ISNUMBER(SEARCH("ค่าจ้าง", C24)), "ค่าแรง/เงินเดือน", TRUE, "รายจ่ายอื่นๆ"), "")
A25: 45962 | B25: =A25+F25 -> 45963 | C25: มนุษย์ | E25: B101 | F25: 1 | G25: 0 | H25: 500 | I25: โอนบัญชี | J25: 0 | K25: 0 | L25: =IF(H25>0, IFS(E25<>"", "ค่าห้องรายวัน", ISNUMBER(SEARCH("ค่าเช่า", C25)), "ค่าเช่าบ้าน", TRUE, "รายรับอื่นๆ"), "") -> ค่าห้องรายวัน | M25: =IF(G25>0, IFS(ISNUMBER(SEARCH("หักมัดจำ", C25)), "หักมัดจำ", OR(ISNUMBER(SEARCH("เบิก", C25)), ISNUMBER(SEARCH("ซื้อของ", C25))), "ค่าวัสดุ/ซื้อของ", OR(ISNUMBER(SEARCH("ค่าน้ำ", C25)), ISNUMBER(SEARCH("ค่าไฟ", C25))), "ค่าน้ำ/ค่าไฟ", ISNUMBER(SEARCH("ค่าจ้าง", C25)), "ค่าแรง/เงินเดือน", TRUE, "รายจ่ายอื่นๆ"), "")
A26: 45962 | B26: =A26+F26 -> 45963 | C26: ทวีศักดิ์ | E26: A111 | F26: 1 | G26: 0 | H26: 400 | I26: โอนบัญชี | J26: 0 | K26: 0 | L26: =IF(H26>0, IFS(E26<>"", "ค่าห้องรายวัน", ISNUMBER(SEARCH("ค่าเช่า", C26)), "ค่าเช่าบ้าน", TRUE, "รายรับอื่นๆ"), "") -> ค่าห้องรายวัน | M26: =IF(G26>0, IFS(ISNUMBER(SEARCH("หักมัดจำ", C26)), "หักมัดจำ", OR(ISNUMBER(SEARCH("เบิก", C26)), ISNUMBER(SEARCH("ซื้อของ", C26))), "ค่าวัสดุ/ซื้อของ", OR(ISNUMBER(SEARCH("ค่าน้ำ", C26)), ISNUMBER(SEARCH("ค่าไฟ", C26))), "ค่าน้ำ/ค่าไฟ", ISNUMBER(SEARCH("ค่าจ้าง", C26)), "ค่าแรง/เงินเดือน", TRUE, "รายจ่ายอื่นๆ"), "")
A27: 45962 | B27: =A27+F27 -> 45963 | C27: Ascend | E27: A103 | F27: 1 | G27: 0 | H27: 0 | I27: Ascend | J27: 0 | K27: 0 | L27: =IF(H27>0, IFS(E27<>"", "ค่าห้องรายวัน", ISNUMBER(SEARCH("ค่าเช่า", C27)), "ค่าเช่าบ้าน", TRUE, "รายรับอื่นๆ"), "") | M27: =IF(G27>0, IFS(ISNUMBER(SEARCH("หักมัดจำ", C27)), "หักมัดจำ", OR(ISNUMBER(SEARCH("เบิก", C27)), ISNUMBER(SEARCH("ซื้อของ", C27))), "ค่าวัสดุ/ซื้อของ", OR(ISNUMBER(SEARCH("ค่าน้ำ", C27)), ISNUMBER(SEARCH("ค่าไฟ", C27))), "ค่าน้ำ/ค่าไฟ", ISNUMBER(SEARCH("ค่าจ้าง", C27)), "ค่าแรง/เงินเดือน", TRUE, "รายจ่ายอื่นๆ"), "")
A28: 45962 | B28: =A28+F28 -> 45963 | C28: Ascend | E28: A104 | F28: 1 | G28: 0 | H28: 0 | I28: Ascend | J28: 0 | K28: 0 | L28: =IF(H28>0, IFS(E28<>"", "ค่าห้องรายวัน", ISNUMBER(SEARCH("ค่าเช่า", C28)), "ค่าเช่าบ้าน", TRUE, "รายรับอื่นๆ"), "") | M28: =IF(G28>0, IFS(ISNUMBER(SEARCH("หักมัดจำ", C28)), "หักมัดจำ", OR(ISNUMBER(SEARCH("เบิก", C28)), ISNUMBER(SEARCH("ซื้อของ", C28))), "ค่าวัสดุ/ซื้อของ", OR(ISNUMBER(SEARCH("ค่าน้ำ", C28)), ISNUMBER(SEARCH("ค่าไฟ", C28))), "ค่าน้ำ/ค่าไฟ", ISNUMBER(SEARCH("ค่าจ้าง", C28)), "ค่าแรง/เงินเดือน", TRUE, "รายจ่ายอื่นๆ"), "")
A29: 45962 | B29: =A29+F29 -> 45963 | C29: Ascend | E29: A105 | F29: 1 | G29: 0 | H29: 0 | I29: Ascend | J29: 0 | K29: 0 | L29: =IF(H29>0, IFS(E29<>"", "ค่าห้องรายวัน", ISNUMBER(SEARCH("ค่าเช่า", C29)), "ค่าเช่าบ้าน", TRUE, "รายรับอื่นๆ"), "") | M29: =IF(G29>0, IFS(ISNUMBER(SEARCH("หักมัดจำ", C29)), "หักมัดจำ", OR(ISNUMBER(SEARCH("เบิก", C29)), ISNUMBER(SEARCH("ซื้อของ", C29))), "ค่าวัสดุ/ซื้อของ", OR(ISNUMBER(SEARCH("ค่าน้ำ", C29)), ISNUMBER(SEARCH("ค่าไฟ", C29))), "ค่าน้ำ/ค่าไฟ", ISNUMBER(SEARCH("ค่าจ้าง", C29)), "ค่าแรง/เงินเดือน", TRUE, "รายจ่ายอื่นๆ"), "")
A30: 45962 | B30: =A30+F30 -> 45963 | C30: ประจวบ | D30: 064-9915144 | E30: B106 | F30: 1 | G30: 0 | H30: 500 | I30: โอนบัญชี | J30: 0 | K30: 0 | L30: =IF(H30>0, IFS(E30<>"", "ค่าห้องรายวัน", ISNUMBER(SEARCH("ค่าเช่า", C30)), "ค่าเช่าบ้าน", TRUE, "รายรับอื่นๆ"), "") -> ค่าห้องรายวัน | M30: =IF(G30>0, IFS(ISNUMBER(SEARCH("หักมัดจำ", C30)), "หักมัดจำ", OR(ISNUMBER(SEARCH("เบิก", C30)), ISNUMBER(SEARCH("ซื้อของ", C30))), "ค่าวัสดุ/ซื้อของ", OR(ISNUMBER(SEARCH("ค่าน้ำ", C30)), ISNUMBER(SEARCH("ค่าไฟ", C30))), "ค่าน้ำ/ค่าไฟ", ISNUMBER(SEARCH("ค่าจ้าง", C30)), "ค่าแรง/เงินเดือน", TRUE, "รายจ่ายอื่นๆ"), "")
A31: 45962 | B31: =A31+F31 -> 45962 | C31: หักค่ามัดจำ (ประจวบ) | E31: B106 | F31: 0 | G31: 100 | H31: 0 | J31: 1851 | K31: 0 | L31: =IF(H31>0, IFS(E31<>"", "ค่าห้องรายวัน", ISNUMBER(SEARCH("ค่าเช่า", C31)), "ค่าเช่าบ้าน", TRUE, "รายรับอื่นๆ"), "") | M31: =IF(G31>0, IFS(ISNUMBER(SEARCH("หักมัดจำ", C31)), "หักมัดจำ", OR(ISNUMBER(SEARCH("เบิก", C31)), ISNUMBER(SEARCH("ซื้อของ", C31))), "ค่าวัสดุ/ซื้อของ", OR(ISNUMBER(SEARCH("ค่าน้ำ", C31)), ISNUMBER(SEARCH("ค่าไฟ", C31))), "ค่าน้ำ/ค่าไฟ", ISNUMBER(SEARCH("ค่าจ้าง", C31)), "ค่าแรง/เงินเดือน", TRUE, "รายจ่ายอื่นๆ"), "") -> รายจ่ายอื่นๆ
A32: 45962 | B32: =A32+F32 -> 45963 | C32: รุ่งนภา สาระสิทธิ์ | D32: 080-6637525 | E32: B105 | F32: 1 | G32: 0 | H32: 500 | I32: โอนบัญชี | J32: 0 | K32: 0 | L32: =IF(H32>0, IFS(E32<>"", "ค่าห้องรายวัน", ISNUMBER(SEARCH("ค่าเช่า", C32)), "ค่าเช่าบ้าน", TRUE, "รายรับอื่นๆ"), "") -> ค่าห้องรายวัน | M32: =IF(G32>0, IFS(ISNUMBER(SEARCH("หักมัดจำ", C32)), "หักมัดจำ", OR(ISNUMBER(SEARCH("เบิก", C32)), ISNUMBER(SEARCH("ซื้อของ", C32))), "ค่าวัสดุ/ซื้อของ", OR(ISNUMBER(SEARCH("ค่าน้ำ", C32)), ISNUMBER(SEARCH("ค่าไฟ", C32))), "ค่าน้ำ/ค่าไฟ", ISNUMBER(SEARCH("ค่าจ้าง", C32)), "ค่าแรง/เงินเดือน", TRUE, "รายจ่ายอื่นๆ"), "")
A33: 45962 | B33: =A33+F33 -> 45962 | C33: หักค่ามัดจำ (รุ่งนภา) | E33: B105 | F33: 0 | G33: 100 | H33: 0 | J33: 1751 | K33: 0 | L33: =IF(H33>0, IFS(E33<>"", "ค่าห้องรายวัน", ISNUMBER(SEARCH("ค่าเช่า", C33)), "ค่าเช่าบ้าน", TRUE, "รายรับอื่นๆ"), "") | M33: =IF(G33>0, IFS(ISNUMBER(SEARCH("หักมัดจำ", C33)), "หักมัดจำ", OR(ISNUMBER(SEARCH("เบิก", C33)), ISNUMBER(SEARCH("ซื้อของ", C33))), "ค่าวัสดุ/ซื้อของ", OR(ISNUMBER(SEARCH("ค่าน้ำ", C33)), ISNUMBER(SEARCH("ค่าไฟ", C33))), "ค่าน้ำ/ค่าไฟ", ISNUMBER(SEARCH("ค่าจ้าง", C33)), "ค่าแรง/เงินเดือน", TRUE, "รายจ่ายอื่นๆ"), "") -> รายจ่ายอื่นๆ
A34: 45962 | B34: =A34+F34 -> 45963 | C34: ปรัสสร จันทราช | D34: 084-5802700 | E34: B102 | F34: 1 | G34: 0 | H34: 500 | I34: โอนบัญชี | J34: 0 | K34: 0 | L34: =IF(H34>0, IFS(E34<>"", "ค่าห้องรายวัน", ISNUMBER(SEARCH("ค่าเช่า", C34)), "ค่าเช่าบ้าน", TRUE, "รายรับอื่นๆ"), "") -> ค่าห้องรายวัน | M34: =IF(G34>0, IFS(ISNUMBER(SEARCH("หักมัดจำ", C34)), "หักมัดจำ", OR(ISNUMBER(SEARCH("เบิก", C34)), ISNUMBER(SEARCH("ซื้อของ", C34))), "ค่าวัสดุ/ซื้อของ", OR(ISNUMBER(SEARCH("ค่าน้ำ", C34)), ISNUMBER(SEARCH("ค่าไฟ", C34))), "ค่าน้ำ/ค่าไฟ", ISNUMBER(SEARCH("ค่าจ้าง", C34)), "ค่าแรง/เงินเดือน", TRUE, "รายจ่ายอื่นๆ"), "")
A35: 45962 | B35: =A35+F35 -> 45963 | C35: หักค่ามัดจำ (ปรัสสร) | E35: B102 | F35: 1 | G35: 100 | H35: 0 | J35: 1651 | K35: 0 | L35: =IF(H35>0, IFS(E35<>"", "ค่าห้องรายวัน", ISNUMBER(SEARCH("ค่าเช่า", C35)), "ค่าเช่าบ้าน", TRUE, "รายรับอื่นๆ"), "") | M35: =IF(G35>0, IFS(ISNUMBER(SEARCH("หักมัดจำ", C35)), "หักมัดจำ", OR(ISNUMBER(SEARCH("เบิก", C35)), ISNUMBER(SEARCH("ซื้อของ", C35))), "ค่าวัสดุ/ซื้อของ", OR(ISNUMBER(SEARCH("ค่าน้ำ", C35)), ISNUMBER(SEARCH("ค่าไฟ", C35))), "ค่าน้ำ/ค่าไฟ", ISNUMBER(SEARCH("ค่าจ้าง", C35)), "ค่าแรง/เงินเดือน", TRUE, "รายจ่ายอื่นๆ"), "") -> รายจ่ายอื่นๆ
A36: 45962 | B36: =A36+F36 -> 45963 | C36: ศิรินทิพย์ | E36: B107 | F36: 1 | G36: 0 | H36: 400 | I36: เงินสด | J36: 2051 | K36: 100 | L36: =IF(H36>0, IFS(E36<>"", "ค่าห้องรายวัน", ISNUMBER(SEARCH("ค่าเช่า", C36)), "ค่าเช่าบ้าน", TRUE, "รายรับอื่นๆ"), "") -> ค่าห้องรายวัน | M36: =IF(G36>0, IFS(ISNUMBER(SEARCH("หักมัดจำ", C36)), "หักมัดจำ", OR(ISNUMBER(SEARCH("เบิก", C36)), ISNUMBER(SEARCH("ซื้อของ", C36))), "ค่าวัสดุ/ซื้อของ", OR(ISNUMBER(SEARCH("ค่าน้ำ", C36)), ISNUMBER(SEARCH("ค่าไฟ", C36))), "ค่าน้ำ/ค่าไฟ", ISNUMBER(SEARCH("ค่าจ้าง", C36)), "ค่าแรง/เงินเดือน", TRUE, "รายจ่ายอื่นๆ"), "")
A37: 45962 | B37: =A37+F37 -> 45963 | C37: ศิรินทิพย์ | E37: B108 | F37: 1 | G37: 0 | H37: 400 | I37: เงินสด | J37: 2451 | K37: 100 | L37: =IF(H37>0, IFS(E37<>"", "ค่าห้องรายวัน", ISNUMBER(SEARCH("ค่าเช่า", C37)), "ค่าเช่าบ้าน", TRUE, "รายรับอื่นๆ"), "") -> ค่าห้องรายวัน | M37: =IF(G37>0, IFS(ISNUMBER(SEARCH("หักมัดจำ", C37)), "หักมัดจำ", OR(ISNUMBER(SEARCH("เบิก", C37)), ISNUMBER(SEARCH("ซื้อของ", C37))), "ค่าวัสดุ/ซื้อของ", OR(ISNUMBER(SEARCH("ค่าน้ำ", C37)), ISNUMBER(SEARCH("ค่าไฟ", C37))), "ค่าน้ำ/ค่าไฟ", ISNUMBER(SEARCH("ค่าจ้าง", C37)), "ค่าแรง/เงินเดือน", TRUE, "รายจ่ายอื่นๆ"), "")
A38: 45962 | B38: =A38+F38 -> 45962 | C38: หักค่ามัดจำ | E38: B101 | F38: 0 | G38: 100 | H38: 0 | J38: 2351 | K38: 0 | L38: =IF(H38>0, IFS(E38<>"", "ค่าห้องรายวัน", ISNUMBER(SEARCH("ค่าเช่า", C38)), "ค่าเช่าบ้าน", TRUE, "รายรับอื่นๆ"), "") | M38: =IF(G38>0, IFS(ISNUMBER(SEARCH("หักมัดจำ", C38)), "หักมัดจำ", OR(ISNUMBER(SEARCH("เบิก", C38)), ISNUMBER(SEARCH("ซื้อของ", C38))), "ค่าวัสดุ/ซื้อของ", OR(ISNUMBER(SEARCH("ค่าน้ำ", C38)), ISNUMBER(SEARCH("ค่าไฟ", C38))), "ค่าน้ำ/ค่าไฟ", ISNUMBER(SEARCH("ค่าจ้าง", C38)), "ค่าแรง/เงินเดือน", TRUE, "รายจ่ายอื่นๆ"), "") -> รายจ่ายอื่นๆ
A39: 45963 | B39: =A39+F39 -> 45963 | C39: เบิกทำบุญกฐิน | F39: 0 | G39: 250 | H39: 0 | J39: 2101 | K39: 0 | L39: =IF(H39>0, IFS(E39<>"", "ค่าห้องรายวัน", ISNUMBER(SEARCH("ค่าเช่า", C39)), "ค่าเช่าบ้าน", TRUE, "รายรับอื่นๆ"), "") | M39: =IF(G39>0, IFS(ISNUMBER(SEARCH("หักมัดจำ", C39)), "หักมัดจำ", OR(ISNUMBER(SEARCH("เบิก", C39)), ISNUMBER(SEARCH("ซื้อของ", C39))), "ค่าวัสดุ/ซื้อของ", OR(ISNUMBER(SEARCH("ค่าน้ำ", C39)), ISNUMBER(SEARCH("ค่าไฟ", C39))), "ค่าน้ำ/ค่าไฟ", ISNUMBER(SEARCH("ค่าจ้าง", C39)), "ค่าแรง/เงินเดือน", TRUE, "รายจ่ายอื่นๆ"), "") -> ค่าวัสดุ/ซื้อของ
A40: 45963 | B40: =A40+F40 -> 45963 | C40: (หักจ่ายค่าของ เพิ่มเติม) | F40: 0 | G40: 695 | H40: 0 | J40: 1406 | K40: 0 | L40: =IF(H40>0, IFS(E40<>"", "ค่าห้องรายวัน", ISNUMBER(SEARCH("ค่าเช่า", C40)), "ค่าเช่าบ้าน", TRUE, "รายรับอื่นๆ"), "") | M40: =IF(G40>0, IFS(ISNUMBER(SEARCH("หักมัดจำ", C40)), "หักมัดจำ", OR(ISNUMBER(SEARCH("เบิก", C40)), ISNUMBER(SEARCH("ซื้อของ", C40))), "ค่าวัสดุ/ซื้อของ", OR(ISNUMBER(SEARCH("ค่าน้ำ", C40)), ISNUMBER(SEARCH("ค่าไฟ", C40))), "ค่าน้ำ/ค่าไฟ", ISNUMBER(SEARCH("ค่าจ้าง", C40)), "ค่าแรง/เงินเดือน", TRUE, "รายจ่ายอื่นๆ"), "") -> รายจ่ายอื่นๆ
A41: 45963 | B41: =A41+F41 -> 45964 | C41: ฉัตรชัย | E41: B104 | F41: 1 | G41: 0 | H41: 400 | I41: โอนบัญชี | J41: 0 | K41: 0 | L41: =IF(H41>0, IFS(E41<>"", "ค่าห้องรายวัน", ISNUMBER(SEARCH("ค่าเช่า", C41)), "ค่าเช่าบ้าน", TRUE, "รายรับอื่นๆ"), "") -> ค่าห้องรายวัน | M41: =IF(G41>0, IFS(ISNUMBER(SEARCH("หักมัดจำ", C41)), "หักมัดจำ", OR(ISNUMBER(SEARCH("เบิก", C41)), ISNUMBER(SEARCH("ซื้อของ", C41))), "ค่าวัสดุ/ซื้อของ", OR(ISNUMBER(SEARCH("ค่าน้ำ", C41)), ISNUMBER(SEARCH("ค่าไฟ", C41))), "ค่าน้ำ/ค่าไฟ", ISNUMBER(SEARCH("ค่าจ้าง", C41)), "ค่าแรง/เงินเดือน", TRUE, "รายจ่ายอื่นๆ"), "")
A42: 45963 | B42: =A42+F42 -> 45964 | C42: ทวีศักดิ์ | E42: A111 | F42: 1 | G42: 0 | H42: 400 | I42: โอนบัญชี | J42: 0 | K42: 0 | L42: =IF(H42>0, IFS(E42<>"", "ค่าห้องรายวัน", ISNUMBER(SEARCH("ค่าเช่า", C42)), "ค่าเช่าบ้าน", TRUE, "รายรับอื่นๆ"), "") -> ค่าห้องรายวัน | M42: =IF(G42>0, IFS(ISNUMBER(SEARCH("หักมัดจำ", C42)), "หักมัดจำ", OR(ISNUMBER(SEARCH("เบิก", C42)), ISNUMBER(SEARCH("ซื้อของ", C42))), "ค่าวัสดุ/ซื้อของ", OR(ISNUMBER(SEARCH("ค่าน้ำ", C42)), ISNUMBER(SEARCH("ค่าไฟ", C42))), "ค่าน้ำ/ค่าไฟ", ISNUMBER(SEARCH("ค่าจ้าง", C42)), "ค่าแรง/เงินเดือน", TRUE, "รายจ่ายอื่นๆ"), "")
A43: 45964 | B43: =A43+F43 -> 45964 | C43: เบิกซื้อของแม็คโคร | F43: 0 | G43: 874 | H43: 0 | J43: 0 | K43: 0 | L43: =IF(H43>0, IFS(E43<>"", "ค่าห้องรายวัน", ISNUMBER(SEARCH("ค่าเช่า", C43)), "ค่าเช่าบ้าน", TRUE, "รายรับอื่นๆ"), "") | M43: =IF(G43>0, IFS(ISNUMBER(SEARCH("หักมัดจำ", C43)), "หักมัดจำ", OR(ISNUMBER(SEARCH("เบิก", C43)), ISNUMBER(SEARCH("ซื้อของ", C43))), "ค่าวัสดุ/ซื้อของ", OR(ISNUMBER(SEARCH("ค่าน้ำ", C43)), ISNUMBER(SEARCH("ค่าไฟ", C43))), "ค่าน้ำ/ค่าไฟ", ISNUMBER(SEARCH("ค่าจ้าง", C43)), "ค่าแรง/เงินเดือน", TRUE, "รายจ่ายอื่นๆ"), "") -> ค่าวัสดุ/ซื้อของ
A44: 45964 | B44: =A44+F44 -> 45965 | C44: ฉัตรชัย | E44: B103 | F44: 1 | G44: 0 | H44: 400 | I44: โอนบัญชี | J44: 0 | K44: 0 | L44: =IF(H44>0, IFS(E44<>"", "ค่าห้องรายวัน", ISNUMBER(SEARCH("ค่าเช่า", C44)), "ค่าเช่าบ้าน", TRUE, "รายรับอื่นๆ"), "") -> ค่าห้องรายวัน | M44: =IF(G44>0, IFS(ISNUMBER(SEARCH("หักมัดจำ", C44)), "หักมัดจำ", OR(ISNUMBER(SEARCH("เบิก", C44)), ISNUMBER(SEARCH("ซื้อของ", C44))), "ค่าวัสดุ/ซื้อของ", OR(ISNUMBER(SEARCH("ค่าน้ำ", C44)), ISNUMBER(SEARCH("ค่าไฟ", C44))), "ค่าน้ำ/ค่าไฟ", ISNUMBER(SEARCH("ค่าจ้าง", C44)), "ค่าแรง/เงินเดือน", TRUE, "รายจ่ายอื่นๆ"), "")
A45: 45964 | B45: =A45+F45 -> 45965 | C45: ทวีศักดิ์ | E45: A111 | F45: 1 | G45: 0 | H45: 400 | I45: โอนบัญชี | J45: 0 | K45: 0 | L45: =IF(H45>0, IFS(E45<>"", "ค่าห้องรายวัน", ISNUMBER(SEARCH("ค่าเช่า", C45)), "ค่าเช่าบ้าน", TRUE, "รายรับอื่นๆ"), "") -> ค่าห้องรายวัน | M45: =IF(G45>0, IFS(ISNUMBER(SEARCH("หักมัดจำ", C45)), "หักมัดจำ", OR(ISNUMBER(SEARCH("เบิก", C45)), ISNUMBER(SEARCH("ซื้อของ", C45))), "ค่าวัสดุ/ซื้อของ", OR(ISNUMBER(SEARCH("ค่าน้ำ", C45)), ISNUMBER(SEARCH("ค่าไฟ", C45))), "ค่าน้ำ/ค่าไฟ", ISNUMBER(SEARCH("ค่าจ้าง", C45)), "ค่าแรง/เงินเดือน", TRUE, "รายจ่ายอื่นๆ"), "")
A46: 45964 | B46: =A46+F46 -> 45965 | C46: จรัล | E46: B106 | F46: 1 | G46: 0 | H46: 400 | I46: เงินสด | J46: 0 | K46: 100 | L46: =IF(H46>0, IFS(E46<>"", "ค่าห้องรายวัน", ISNUMBER(SEARCH("ค่าเช่า", C46)), "ค่าเช่าบ้าน", TRUE, "รายรับอื่นๆ"), "") -> ค่าห้องรายวัน | M46: =IF(G46>0, IFS(ISNUMBER(SEARCH("หักมัดจำ", C46)), "หักมัดจำ", OR(ISNUMBER(SEARCH("เบิก", C46)), ISNUMBER(SEARCH("ซื้อของ", C46))), "ค่าวัสดุ/ซื้อของ", OR(ISNUMBER(SEARCH("ค่าน้ำ", C46)), ISNUMBER(SEARCH("ค่าไฟ", C46))), "ค่าน้ำ/ค่าไฟ", ISNUMBER(SEARCH("ค่าจ้าง", C46)), "ค่าแรง/เงินเดือน", TRUE, "รายจ่ายอื่นๆ"), "")
A47: 45964 | B47: =A47+F47 -> 45965 | C47: เคท สุขภัณฑ์ (หญิง) | E47: A105 | F47: 1 | G47: 0 | H47: 500 | I47: โอนบัญชี | J47: 0 | K47: 0 | L47: =IF(H47>0, IFS(E47<>"", "ค่าห้องรายวัน", ISNUMBER(SEARCH("ค่าเช่า", C47)), "ค่าเช่าบ้าน", TRUE, "รายรับอื่นๆ"), "") -> ค่าห้องรายวัน | M47: =IF(G47>0, IFS(ISNUMBER(SEARCH("หักมัดจำ", C47)), "หักมัดจำ", OR(ISNUMBER(SEARCH("เบิก", C47)), ISNUMBER(SEARCH("ซื้อของ", C47))), "ค่าวัสดุ/ซื้อของ", OR(ISNUMBER(SEARCH("ค่าน้ำ", C47)), ISNUMBER(SEARCH("ค่าไฟ", C47))), "ค่าน้ำ/ค่าไฟ", ISNUMBER(SEARCH("ค่าจ้าง", C47)), "ค่าแรง/เงินเดือน", TRUE, "รายจ่ายอื่นๆ"), "")
A48: 45964 | B48: =A48+F48 -> 45965 | C48: สุเทพ | E48: B109 | F48: 1 | G48: 0 | H48: 400 | I48: โอนบัญชี | J48: 0 | K48: 100 | L48: =IF(H48>0, IFS(E48<>"", "ค่าห้องรายวัน", ISNUMBER(SEARCH("ค่าเช่า", C48)), "ค่าเช่าบ้าน", TRUE, "รายรับอื่นๆ"), "") -> ค่าห้องรายวัน | M48: =IF(G48>0, IFS(ISNUMBER(SEARCH("หักมัดจำ", C48)), "หักมัดจำ", OR(ISNUMBER(SEARCH("เบิก", C48)), ISNUMBER(SEARCH("ซื้อของ", C48))), "ค่าวัสดุ/ซื้อของ", OR(ISNUMBER(SEARCH("ค่าน้ำ", C48)), ISNUMBER(SEARCH("ค่าไฟ", C48))), "ค่าน้ำ/ค่าไฟ", ISNUMBER(SEARCH("ค่าจ้าง", C48)), "ค่าแรง/เงินเดือน", TRUE, "รายจ่ายอื่นๆ"), "")
A49: 45964 | B49: =A49+F49 -> 45965 | C49: ชัยภักดิ์ | E49: N7 | F49: 1 | G49: 0 | H49: 500 | I49: โอนบัญชี | J49: 0 | K49: 200 | L49: =IF(H49>0, IFS(E49<>"", "ค่าห้องรายวัน", ISNUMBER(SEARCH("ค่าเช่า", C49)), "ค่าเช่าบ้าน", TRUE, "รายรับอื่นๆ"), "") -> ค่าห้องรายวัน | M49: =IF(G49>0, IFS(ISNUMBER(SEARCH("หักมัดจำ", C49)), "หักมัดจำ", OR(ISNUMBER(SEARCH("เบิก", C49)), ISNUMBER(SEARCH("ซื้อของ", C49))), "ค่าวัสดุ/ซื้อของ", OR(ISNUMBER(SEARCH("ค่าน้ำ", C49)), ISNUMBER(SEARCH("ค่าไฟ", C49))), "ค่าน้ำ/ค่าไฟ", ISNUMBER(SEARCH("ค่าจ้าง", C49)), "ค่าแรง/เงินเดือน", TRUE, "รายจ่ายอื่นๆ"), "")
A50: 45964 | B50: =A50+F50 -> 45965 | C50: ปศุสัตว์ | E50: N3 | F50: 1 | G50: 0 | H50: 500 | I50: เงินสด | J50: 0 | K50: 200 | L50: =IF(H50>0, IFS(E50<>"", "ค่าห้องรายวัน", ISNUMBER(SEARCH("ค่าเช่า", C50)), "ค่าเช่าบ้าน", TRUE, "รายรับอื่นๆ"), "") -> ค่าห้องรายวัน | M50: =IF(G50>0, IFS(ISNUMBER(SEARCH("หักมัดจำ", C50)), "หักมัดจำ", OR(ISNUMBER(SEARCH("เบิก", C50)), ISNUMBER(SEARCH("ซื้อของ", C50))), "ค่าวัสดุ/ซื้อของ", OR(ISNUMBER(SEARCH("ค่าน้ำ", C50)), ISNUMBER(SEARCH("ค่าไฟ", C50))), "ค่าน้ำ/ค่าไฟ", ISNUMBER(SEARCH("ค่าจ้าง", C50)), "ค่าแรง/เงินเดือน", TRUE, "รายจ่ายอื่นๆ"), "")
A51: 45964 | B51: =A51+F51 -> 45965 | C51: ธาราธร | E51: A207 | F51: 1 | G51: 0 | H51: 400 | I51: โอนบัญชี | J51: 0 | K51: 100 | L51: =IF(H51>0, IFS(E51<>"", "ค่าห้องรายวัน", ISNUMBER(SEARCH("ค่าเช่า", C51)), "ค่าเช่าบ้าน", TRUE, "รายรับอื่นๆ"), "") -> ค่าห้องรายวัน | M51: =IF(G51>0, IFS(ISNUMBER(SEARCH("หักมัดจำ", C51)), "หักมัดจำ", OR(ISNUMBER(SEARCH("เบิก", C51)), ISNUMBER(SEARCH("ซื้อของ", C51))), "ค่าวัสดุ/ซื้อของ", OR(ISNUMBER(SEARCH("ค่าน้ำ", C51)), ISNUMBER(SEARCH("ค่าไฟ", C51))), "ค่าน้ำ/ค่าไฟ", ISNUMBER(SEARCH("ค่าจ้าง", C51)), "ค่าแรง/เงินเดือน", TRUE, "รายจ่ายอื่นๆ"), "")
A52: 45964 | B52: =A52+F52 -> 45964 | C52: หักค่ามัดจำ | E52: A105 | F52: 0 | G52: 100 | H52: 0 | J52: 3032 | K52: 0 | L52: =IF(H52>0, IFS(E52<>"", "ค่าห้องรายวัน", ISNUMBER(SEARCH("ค่าเช่า", C52)), "ค่าเช่าบ้าน", TRUE, "รายรับอื่นๆ"), "") | M52: =IF(G52>0, IFS(ISNUMBER(SEARCH("หักมัดจำ", C52)), "หักมัดจำ", OR(ISNUMBER(SEARCH("เบิก", C52)), ISNUMBER(SEARCH("ซื้อของ", C52))), "ค่าวัสดุ/ซื้อของ", OR(ISNUMBER(SEARCH("ค่าน้ำ", C52)), ISNUMBER(SEARCH("ค่าไฟ", C52))), "ค่าน้ำ/ค่าไฟ", ISNUMBER(SEARCH("ค่าจ้าง", C52)), "ค่าแรง/เงินเดือน", TRUE, "รายจ่ายอื่นๆ"), "") -> รายจ่ายอื่นๆ
A53: 45964 | B53: =A53+F53 -> 45965 | C53: เทพธิดา | E53: B108 | F53: 1 | G53: 0 | H53: 400 | I53: เงินสด | J53: 3432 | K53: 100 | L53: =IF(H53>0, IFS(E53<>"", "ค่าห้องรายวัน", ISNUMBER(SEARCH("ค่าเช่า", C53)), "ค่าเช่าบ้าน", TRUE, "รายรับอื่นๆ"), "") -> ค่าห้องรายวัน | M53: =IF(G53>0, IFS(ISNUMBER(SEARCH("หักมัดจำ", C53)), "หักมัดจำ", OR(ISNUMBER(SEARCH("เบิก", C53)), ISNUMBER(SEARCH("ซื้อของ", C53))), "ค่าวัสดุ/ซื้อของ", OR(ISNUMBER(SEARCH("ค่าน้ำ", C53)), ISNUMBER(SEARCH("ค่าไฟ", C53))), "ค่าน้ำ/ค่าไฟ", ISNUMBER(SEARCH("ค่าจ้าง", C53)), "ค่าแรง/เงินเดือน", TRUE, "รายจ่ายอื่นๆ"), "")
A54: 45965 | B54: =A54+F54 -> 45966 | C54: จิตรชัย | E54: B103 | F54: 1 | G54: 0 | H54: 400 | I54: โอนบัญชี | J54: 0 | K54: 0 | L54: =IF(H54>0, IFS(E54<>"", "ค่าห้องรายวัน", ISNUMBER(SEARCH("ค่าเช่า", C54)), "ค่าเช่าบ้าน", TRUE, "รายรับอื่นๆ"), "") -> ค่าห้องรายวัน | M54: =IF(G54>0, IFS(ISNUMBER(SEARCH("หักมัดจำ", C54)), "หักมัดจำ", OR(ISNUMBER(SEARCH("เบิก", C54)), ISNUMBER(SEARCH("ซื้อของ", C54))), "ค่าวัสดุ/ซื้อของ", OR(ISNUMBER(SEARCH("ค่าน้ำ", C54)), ISNUMBER(SEARCH("ค่าไฟ", C54))), "ค่าน้ำ/ค่าไฟ", ISNUMBER(SEARCH("ค่าจ้าง", C54)), "ค่าแรง/เงินเดือน", TRUE, "รายจ่ายอื่นๆ"), "")
A55: 45965 | B55: =A55+F55 -> 45965 | C55: เบิกซื้อของ DIY | F55: 0 | G55: 125 | H55: 0 | J55: 0 | K55: 0 | L55: =IF(H55>0, IFS(E55<>"", "ค่าห้องรายวัน", ISNUMBER(SEARCH("ค่าเช่า", C55)), "ค่าเช่าบ้าน", TRUE, "รายรับอื่นๆ"), "") | M55: =IF(G55>0, IFS(ISNUMBER(SEARCH("หักมัดจำ", C55)), "หักมัดจำ", OR(ISNUMBER(SEARCH("เบิก", C55)), ISNUMBER(SEARCH("ซื้อของ", C55))), "ค่าวัสดุ/ซื้อของ", OR(ISNUMBER(SEARCH("ค่าน้ำ", C55)), ISNUMBER(SEARCH("ค่าไฟ", C55))), "ค่าน้ำ/ค่าไฟ", ISNUMBER(SEARCH("ค่าจ้าง", C55)), "ค่าแรง/เงินเดือน", TRUE, "รายจ่ายอื่นๆ"), "") -> ค่าวัสดุ/ซื้อของ
A56: 45965 | B56: =A56+F56 -> 45965 | C56: เบิกจ่ายค่า... (อ่านไม่ออก) | F56: 0 | G56: 1142 | H56: 0 | J56: 2122 | K56: 0 | L56: =IF(H56>0, IFS(E56<>"", "ค่าห้องรายวัน", ISNUMBER(SEARCH("ค่าเช่า", C56)), "ค่าเช่าบ้าน", TRUE, "รายรับอื่นๆ"), "") | M56: =IF(G56>0, IFS(ISNUMBER(SEARCH("หักมัดจำ", C56)), "หักมัดจำ", OR(ISNUMBER(SEARCH("เบิก", C56)), ISNUMBER(SEARCH("ซื้อของ", C56))), "ค่าวัสดุ/ซื้อของ", OR(ISNUMBER(SEARCH("ค่าน้ำ", C56)), ISNUMBER(SEARCH("ค่าไฟ", C56))), "ค่าน้ำ/ค่าไฟ", ISNUMBER(SEARCH("ค่าจ้าง", C56)), "ค่าแรง/เงินเดือน", TRUE, "รายจ่ายอื่นๆ"), "") -> ค่าวัสดุ/ซื้อของ
A57: 45965 | B57: =A57+F57 -> 45966 | C57: สิเทค | E57: B109 | F57: 1 | G57: 0 | H57: 400 | I57: โอนบัญชี | J57: 0 | K57: 0 | L57: =IF(H57>0, IFS(E57<>"", "ค่าห้องรายวัน", ISNUMBER(SEARCH("ค่าเช่า", C57)), "ค่าเช่าบ้าน", TRUE, "รายรับอื่นๆ"), "") -> ค่าห้องรายวัน | M57: =IF(G57>0, IFS(ISNUMBER(SEARCH("หักมัดจำ", C57)), "หักมัดจำ", OR(ISNUMBER(SEARCH("เบิก", C57)), ISNUMBER(SEARCH("ซื้อของ", C57))), "ค่าวัสดุ/ซื้อของ", OR(ISNUMBER(SEARCH("ค่าน้ำ", C57)), ISNUMBER(SEARCH("ค่าไฟ", C57))), "ค่าน้ำ/ค่าไฟ", ISNUMBER(SEARCH("ค่าจ้าง", C57)), "ค่าแรง/เงินเดือน", TRUE, "รายจ่ายอื่นๆ"), "")
A58: 45965 | B58: =A58+F58 -> 45966 | C58: รถน้ำส้ม | E58: B107 | F58: 1 | G58: 0 | H58: 400 | I58: โอนบัญชี | J58: 0 | K58: 100 | L58: =IF(H58>0, IFS(E58<>"", "ค่าห้องรายวัน", ISNUMBER(SEARCH("ค่าเช่า", C58)), "ค่าเช่าบ้าน", TRUE, "รายรับอื่นๆ"), "") -> ค่าห้องรายวัน | M58: =IF(G58>0, IFS(ISNUMBER(SEARCH("หักมัดจำ", C58)), "หักมัดจำ", OR(ISNUMBER(SEARCH("เบิก", C58)), ISNUMBER(SEARCH("ซื้อของ", C58))), "ค่าวัสดุ/ซื้อของ", OR(ISNUMBER(SEARCH("ค่าน้ำ", C58)), ISNUMBER(SEARCH("ค่าไฟ", C58))), "ค่าน้ำ/ค่าไฟ", ISNUMBER(SEARCH("ค่าจ้าง", C58)), "ค่าแรง/เงินเดือน", TRUE, "รายจ่ายอื่นๆ"), "")
A59: 45965 | B59: =A59+F59 -> 45966 | C59: ทวีศักดิ์ | E59: A111 | F59: 1 | G59: 0 | H59: 400 | I59: โอนบัญชี | J59: 0 | K59: 0 | L59: =IF(H59>0, IFS(E59<>"", "ค่าห้องรายวัน", ISNUMBER(SEARCH("ค่าเช่า", C59)), "ค่าเช่าบ้าน", TRUE, "รายรับอื่นๆ"), "") -> ค่าห้องรายวัน | M59: =IF(G59>0, IFS(ISNUMBER(SEARCH("หักมัดจำ", C59)), "หักมัดจำ", OR(ISNUMBER(SEARCH("เบิก", C59)), ISNUMBER(SEARCH("ซื้อของ", C59))), "ค่าวัสดุ/ซื้อของ", OR(ISNUMBER(SEARCH("ค่าน้ำ", C59)), ISNUMBER(SEARCH("ค่าไฟ", C59))), "ค่าน้ำ/ค่าไฟ", ISNUMBER(SEARCH("ค่าจ้าง", C59)), "ค่าแรง/เงินเดือน", TRUE, "รายจ่ายอื่นๆ"), "")
A60: 45965 | B60: =A60+F60 -> 45966 | C60: เทพธิดา | E60: B108 | F60: 1 | G60: 0 | H60: 400 | I60: โอนบัญชี | J60: 0 | K60: 0 | L60: =IF(H60>0, IFS(E60<>"", "ค่าห้องรายวัน", ISNUMBER(SEARCH("ค่าเช่า", C60)), "ค่าเช่าบ้าน", TRUE, "รายรับอื่นๆ"), "") -> ค่าห้องรายวัน | M60: =IF(G60>0, IFS(ISNUMBER(SEARCH("หักมัดจำ", C60)), "หักมัดจำ", OR(ISNUMBER(SEARCH("เบิก", C60)), ISNUMBER(SEARCH("ซื้อของ", C60))), "ค่าวัสดุ/ซื้อของ", OR(ISNUMBER(SEARCH("ค่าน้ำ", C60)), ISNUMBER(SEARCH("ค่าไฟ", C60))), "ค่าน้ำ/ค่าไฟ", ISNUMBER(SEARCH("ค่าจ้าง", C60)), "ค่าแรง/เงินเดือน", TRUE, "รายจ่ายอื่นๆ"), "")
A61: 45965 | B61: =A61+F61 -> 45966 | C61: อนันต์ | E61: B106 | F61: 1 | G61: 0 | H61: 400 | J61: 0 | K61: 100 | L61: =IF(H61>0, IFS(E61<>"", "ค่าห้องรายวัน", ISNUMBER(SEARCH("ค่าเช่า", C61)), "ค่าเช่าบ้าน", TRUE, "รายรับอื่นๆ"), "") -> ค่าห้องรายวัน | M61: =IF(G61>0, IFS(ISNUMBER(SEARCH("หักมัดจำ", C61)), "หักมัดจำ", OR(ISNUMBER(SEARCH("เบิก", C61)), ISNUMBER(SEARCH("ซื้อของ", C61))), "ค่าวัสดุ/ซื้อของ", OR(ISNUMBER(SEARCH("ค่าน้ำ", C61)), ISNUMBER(SEARCH("ค่าไฟ", C61))), "ค่าน้ำ/ค่าไฟ", ISNUMBER(SEARCH("ค่าจ้าง", C61)), "ค่าแรง/เงินเดือน", TRUE, "รายจ่ายอื่นๆ"), "")
A62: 45965 | B62: =A62+F62 -> 45966 | C62: อาทิตย์ | E62: B110 | F62: 1 | G62: 0 | H62: 400 | J62: 0 | K62: 100 | L62: =IF(H62>0, IFS(E62<>"", "ค่าห้องรายวัน", ISNUMBER(SEARCH("ค่าเช่า", C62)), "ค่าเช่าบ้าน", TRUE, "รายรับอื่นๆ"), "") -> ค่าห้องรายวัน | M62: =IF(G62>0, IFS(ISNUMBER(SEARCH("หักมัดจำ", C62)), "หักมัดจำ", OR(ISNUMBER(SEARCH("เบิก", C62)), ISNUMBER(SEARCH("ซื้อของ", C62))), "ค่าวัสดุ/ซื้อของ", OR(ISNUMBER(SEARCH("ค่าน้ำ", C62)), ISNUMBER(SEARCH("ค่าไฟ", C62))), "ค่าน้ำ/ค่าไฟ", ISNUMBER(SEARCH("ค่าจ้าง", C62)), "ค่าแรง/เงินเดือน", TRUE, "รายจ่ายอื่นๆ"), "")
A63: 45965 | B63: =A63+F63 -> 45966 | C63: สุวิทย์ | E63: N2 | F63: 1 | G63: 0 | H63: 500 | J63: 0 | K63: 0 | L63: =IF(H63>0, IFS(E63<>"", "ค่าห้องรายวัน", ISNUMBER(SEARCH("ค่าเช่า", C63)), "ค่าเช่าบ้าน", TRUE, "รายรับอื่นๆ"), "") -> ค่าห้องรายวัน | M63: =IF(G63>0, IFS(ISNUMBER(SEARCH("หักมัดจำ", C63)), "หักมัดจำ", OR(ISNUMBER(SEARCH("เบิก", C63)), ISNUMBER(SEARCH("ซื้อของ", C63))), "ค่าวัสดุ/ซื้อของ", OR(ISNUMBER(SEARCH("ค่าน้ำ", C63)), ISNUMBER(SEARCH("ค่าไฟ", C63))), "ค่าน้ำ/ค่าไฟ", ISNUMBER(SEARCH("ค่าจ้าง", C63)), "ค่าแรง/เงินเดือน", TRUE, "รายจ่ายอื่นๆ"), "")
A64: 45965 | B64: =A64+F64 -> 45966 | C64: วิ | E64: A103 | F64: 1 | G64: 0 | H64: 800 | J64: 0 | K64: 0 | L64: =IF(H64>0, IFS(E64<>"", "ค่าห้องรายวัน", ISNUMBER(SEARCH("ค่าเช่า", C64)), "ค่าเช่าบ้าน", TRUE, "รายรับอื่นๆ"), "") -> ค่าห้องรายวัน | M64: =IF(G64>0, IFS(ISNUMBER(SEARCH("หักมัดจำ", C64)), "หักมัดจำ", OR(ISNUMBER(SEARCH("เบิก", C64)), ISNUMBER(SEARCH("ซื้อของ", C64))), "ค่าวัสดุ/ซื้อของ", OR(ISNUMBER(SEARCH("ค่าน้ำ", C64)), ISNUMBER(SEARCH("ค่าไฟ", C64))), "ค่าน้ำ/ค่าไฟ", ISNUMBER(SEARCH("ค่าจ้าง", C64)), "ค่าแรง/เงินเดือน", TRUE, "รายจ่ายอื่นๆ"), "")
A65: 45965 | B65: =A65+F65 -> 45965 | C65: เบิกจ่ายค่าขยะ | F65: 0 | G65: 500 | H65: 0 | J65: 4522 | K65: 0 | L65: =IF(H65>0, IFS(E65<>"", "ค่าห้องรายวัน", ISNUMBER(SEARCH("ค่าเช่า", C65)), "ค่าเช่าบ้าน", TRUE, "รายรับอื่นๆ"), "") | M65: =IF(G65>0, IFS(ISNUMBER(SEARCH("หักมัดจำ", C65)), "หักมัดจำ", OR(ISNUMBER(SEARCH("เบิก", C65)), ISNUMBER(SEARCH("ซื้อของ", C65))), "ค่าวัสดุ/ซื้อของ", OR(ISNUMBER(SEARCH("ค่าน้ำ", C65)), ISNUMBER(SEARCH("ค่าไฟ", C65))), "ค่าน้ำ/ค่าไฟ", ISNUMBER(SEARCH("ค่าจ้าง", C65)), "ค่าแรง/เงินเดือน", TRUE, "รายจ่ายอื่นๆ"), "") -> ค่าวัสดุ/ซื้อของ
A66: 45966 | B66: =A66+F66 -> 45966 | C66: เบิกจ่ายค่าเน็ต | F66: 0 | G66: 3697 | H66: 0 | J66: 825 | K66: 0 | L66: =IF(H66>0, IFS(E66<>"", "ค่าห้องรายวัน", ISNUMBER(SEARCH("ค่าเช่า", C66)), "ค่าเช่าบ้าน", TRUE, "รายรับอื่นๆ"), "") | M66: =IF(G66>0, IFS(ISNUMBER(SEARCH("หักมัดจำ", C66)), "หักมัดจำ", OR(ISNUMBER(SEARCH("เบิก", C66)), ISNUMBER(SEARCH("ซื้อของ", C66))), "ค่าวัสดุ/ซื้อของ", OR(ISNUMBER(SEARCH("ค่าน้ำ", C66)), ISNUMBER(SEARCH("ค่าไฟ", C66))), "ค่าน้ำ/ค่าไฟ", ISNUMBER(SEARCH("ค่าจ้าง", C66)), "ค่าแรง/เงินเดือน", TRUE, "รายจ่ายอื่นๆ"), "") -> ค่าวัสดุ/ซื้อของ
A67: 45966 | B67: =A67+F67 -> 45967 | C67: สุเทพ | E67: B109 | F67: 1 | G67: 0 | H67: 400 | I67: พักต่อ | J67: 0 | K67: 0 | L67: =IF(H67>0, IFS(E67<>"", "ค่าห้องรายวัน", ISNUMBER(SEARCH("ค่าเช่า", C67)), "ค่าเช่าบ้าน", TRUE, "รายรับอื่นๆ"), "") -> ค่าห้องรายวัน | M67: =IF(G67>0, IFS(ISNUMBER(SEARCH("หักมัดจำ", C67)), "หักมัดจำ", OR(ISNUMBER(SEARCH("เบิก", C67)), ISNUMBER(SEARCH("ซื้อของ", C67))), "ค่าวัสดุ/ซื้อของ", OR(ISNUMBER(SEARCH("ค่าน้ำ", C67)), ISNUMBER(SEARCH("ค่าไฟ", C67))), "ค่าน้ำ/ค่าไฟ", ISNUMBER(SEARCH("ค่าจ้าง", C67)), "ค่าแรง/เงินเดือน", TRUE, "รายจ่ายอื่นๆ"), "")
A68: 45966 | B68: =A68+F68 -> 45967 | C68: แป๊ปซี่ | E68: N3 | F68: 1 | G68: 0 | H68: 700 | J68: 0 | K68: 0 | L68: =IF(H68>0, IFS(E68<>"", "ค่าห้องรายวัน", ISNUMBER(SEARCH("ค่าเช่า", C68)), "ค่าเช่าบ้าน", TRUE, "รายรับอื่นๆ"), "") -> ค่าห้องรายวัน | M68: =IF(G68>0, IFS(ISNUMBER(SEARCH("หักมัดจำ", C68)), "หักมัดจำ", OR(ISNUMBER(SEARCH("เบิก", C68)), ISNUMBER(SEARCH("ซื้อของ", C68))), "ค่าวัสดุ/ซื้อของ", OR(ISNUMBER(SEARCH("ค่าน้ำ", C68)), ISNUMBER(SEARCH("ค่าไฟ", C68))), "ค่าน้ำ/ค่าไฟ", ISNUMBER(SEARCH("ค่าจ้าง", C68)), "ค่าแรง/เงินเดือน", TRUE, "รายจ่ายอื่นๆ"), "")
A69: 45966 | B69: =A69+F69 -> 45967 | C69: ฉัตรชัย | E69: B103 | F69: 1 | G69: 0 | H69: 400 | I69: พักต่อ | J69: 0 | K69: 0 | L69: =IF(H69>0, IFS(E69<>"", "ค่าห้องรายวัน", ISNUMBER(SEARCH("ค่าเช่า", C69)), "ค่าเช่าบ้าน", TRUE, "รายรับอื่นๆ"), "") -> ค่าห้องรายวัน | M69: =IF(G69>0, IFS(ISNUMBER(SEARCH("หักมัดจำ", C69)), "หักมัดจำ", OR(ISNUMBER(SEARCH("เบิก", C69)), ISNUMBER(SEARCH("ซื้อของ", C69))), "ค่าวัสดุ/ซื้อของ", OR(ISNUMBER(SEARCH("ค่าน้ำ", C69)), ISNUMBER(SEARCH("ค่าไฟ", C69))), "ค่าน้ำ/ค่าไฟ", ISNUMBER(SEARCH("ค่าจ้าง", C69)), "ค่าแรง/เงินเดือน", TRUE, "รายจ่ายอื่นๆ"), "")
A70: 45966 | B70: =A70+F70 -> 45967 | C70: เทพธิดา | E70: B108 | F70: 1 | G70: 0 | H70: 400 | I70: พักต่อ | J70: 0 | K70: 0 | L70: =IF(H70>0, IFS(E70<>"", "ค่าห้องรายวัน", ISNUMBER(SEARCH("ค่าเช่า", C70)), "ค่าเช่าบ้าน", TRUE, "รายรับอื่นๆ"), "") -> ค่าห้องรายวัน | M70: =IF(G70>0, IFS(ISNUMBER(SEARCH("หักมัดจำ", C70)), "หักมัดจำ", OR(ISNUMBER(SEARCH("เบิก", C70)), ISNUMBER(SEARCH("ซื้อของ", C70))), "ค่าวัสดุ/ซื้อของ", OR(ISNUMBER(SEARCH("ค่าน้ำ", C70)), ISNUMBER(SEARCH("ค่าไฟ", C70))), "ค่าน้ำ/ค่าไฟ", ISNUMBER(SEARCH("ค่าจ้าง", C70)), "ค่าแรง/เงินเดือน", TRUE, "รายจ่ายอื่นๆ"), "")
A71: 45966 | B71: =A71+F71 -> 45967 | C71: บรรพต | D71: 080-1645860 | E71: B107 | F71: 1 | G71: 0 | H71: 500 | J71: 0 | K71: 0 | L71: =IF(H71>0, IFS(E71<>"", "ค่าห้องรายวัน", ISNUMBER(SEARCH("ค่าเช่า", C71)), "ค่าเช่าบ้าน", TRUE, "รายรับอื่นๆ"), "") -> ค่าห้องรายวัน | M71: =IF(G71>0, IFS(ISNUMBER(SEARCH("หักมัดจำ", C71)), "หักมัดจำ", OR(ISNUMBER(SEARCH("เบิก", C71)), ISNUMBER(SEARCH("ซื้อของ", C71))), "ค่าวัสดุ/ซื้อของ", OR(ISNUMBER(SEARCH("ค่าน้ำ", C71)), ISNUMBER(SEARCH("ค่าไฟ", C71))), "ค่าน้ำ/ค่าไฟ", ISNUMBER(SEARCH("ค่าจ้าง", C71)), "ค่าแรง/เงินเดือน", TRUE, "รายจ่ายอื่นๆ"), "")
A72: 45966 | B72: =A72+F72 -> 45966 | C72: หักมัดจำ (N2 B107) | F72: 0 | G72: 300 | H72: 0 | J72: 0 | K72: 0 | L72: =IF(H72>0, IFS(E72<>"", "ค่าห้องรายวัน", ISNUMBER(SEARCH("ค่าเช่า", C72)), "ค่าเช่าบ้าน", TRUE, "รายรับอื่นๆ"), "") | M72: =IF(G72>0, IFS(ISNUMBER(SEARCH("หักมัดจำ", C72)), "หักมัดจำ", OR(ISNUMBER(SEARCH("เบิก", C72)), ISNUMBER(SEARCH("ซื้อของ", C72))), "ค่าวัสดุ/ซื้อของ", OR(ISNUMBER(SEARCH("ค่าน้ำ", C72)), ISNUMBER(SEARCH("ค่าไฟ", C72))), "ค่าน้ำ/ค่าไฟ", ISNUMBER(SEARCH("ค่าจ้าง", C72)), "ค่าแรง/เงินเดือน", TRUE, "รายจ่ายอื่นๆ"), "") -> หักมัดจำ
A73: 45969 | B73: =A73+F73 -> 45969 | C73: ลูกค้าช้อนแลกเงินสด | F73: 0 | G73: 400 | H73: 0 | J73: 1461 | K73: 0 | L73: =IF(H73>0, IFS(E73<>"", "ค่าห้องรายวัน", ISNUMBER(SEARCH("ค่าเช่า", C73)), "ค่าเช่าบ้าน", TRUE, "รายรับอื่นๆ"), "") | M73: =IF(G73>0, IFS(ISNUMBER(SEARCH("หักมัดจำ", C73)), "หักมัดจำ", OR(ISNUMBER(SEARCH("เบิก", C73)), ISNUMBER(SEARCH("ซื้อของ", C73))), "ค่าวัสดุ/ซื้อของ", OR(ISNUMBER(SEARCH("ค่าน้ำ", C73)), ISNUMBER(SEARCH("ค่าไฟ", C73))), "ค่าน้ำ/ค่าไฟ", ISNUMBER(SEARCH("ค่าจ้าง", C73)), "ค่าแรง/เงินเดือน", TRUE, "รายจ่ายอื่นๆ"), "") -> รายจ่ายอื่นๆ
A74: 45969 | B74: =A74+F74 -> 45970 | C74: ประวัติ | D74: 084-7917141 | E74: B106 | F74: 1 | G74: 0 | H74: 500 | J74: 0 | K74: 0 | L74: =IF(H74>0, IFS(E74<>"", "ค่าห้องรายวัน", ISNUMBER(SEARCH("ค่าเช่า", C74)), "ค่าเช่าบ้าน", TRUE, "รายรับอื่นๆ"), "") -> ค่าห้องรายวัน | M74: =IF(G74>0, IFS(ISNUMBER(SEARCH("หักมัดจำ", C74)), "หักมัดจำ", OR(ISNUMBER(SEARCH("เบิก", C74)), ISNUMBER(SEARCH("ซื้อของ", C74))), "ค่าวัสดุ/ซื้อของ", OR(ISNUMBER(SEARCH("ค่าน้ำ", C74)), ISNUMBER(SEARCH("ค่าไฟ", C74))), "ค่าน้ำ/ค่าไฟ", ISNUMBER(SEARCH("ค่าจ้าง", C74)), "ค่าแรง/เงินเดือน", TRUE, "รายจ่ายอื่นๆ"), "")
A75: 45969 | B75: =A75+F75 -> 45969 | C75: หักมัดจำ | F75: 0 | G75: 100 | H75: 0 | J75: 1361 | K75: 0 | L75: =IF(H75>0, IFS(E75<>"", "ค่าห้องรายวัน", ISNUMBER(SEARCH("ค่าเช่า", C75)), "ค่าเช่าบ้าน", TRUE, "รายรับอื่นๆ"), "") | M75: =IF(G75>0, IFS(ISNUMBER(SEARCH("หักมัดจำ", C75)), "หักมัดจำ", OR(ISNUMBER(SEARCH("เบิก", C75)), ISNUMBER(SEARCH("ซื้อของ", C75))), "ค่าวัสดุ/ซื้อของ", OR(ISNUMBER(SEARCH("ค่าน้ำ", C75)), ISNUMBER(SEARCH("ค่าไฟ", C75))), "ค่าน้ำ/ค่าไฟ", ISNUMBER(SEARCH("ค่าจ้าง", C75)), "ค่าแรง/เงินเดือน", TRUE, "รายจ่ายอื่นๆ"), "") -> หักมัดจำ
A76: 45969 | B76: =A76+F76 -> 45969 | C76: เบิกซื้ออุปกรณ์ซ่อมปั๊มน้ำ A | F76: 0 | G76: 375 | H76: 0 | J76: 986 | K76: 0 | L76: =IF(H76>0, IFS(E76<>"", "ค่าห้องรายวัน", ISNUMBER(SEARCH("ค่าเช่า", C76)), "ค่าเช่าบ้าน", TRUE, "รายรับอื่นๆ"), "") | M76: =IF(G76>0, IFS(ISNUMBER(SEARCH("หักมัดจำ", C76)), "หักมัดจำ", OR(ISNUMBER(SEARCH("เบิก", C76)), ISNUMBER(SEARCH("ซื้อของ", C76))), "ค่าวัสดุ/ซื้อของ", OR(ISNUMBER(SEARCH("ค่าน้ำ", C76)), ISNUMBER(SEARCH("ค่าไฟ", C76))), "ค่าน้ำ/ค่าไฟ", ISNUMBER(SEARCH("ค่าจ้าง", C76)), "ค่าแรง/เงินเดือน", TRUE, "รายจ่ายอื่นๆ"), "") -> ค่าวัสดุ/ซื้อของ
A77: 45969 | B77: =A77+F77 -> 45969 | C77: คิดค่าพัก เกินกำหนด เวลา 2 ชม | F77: 0 | G77: 300 | H77: 0 | J77: 1286 | K77: 0 | L77: =IF(H77>0, IFS(E77<>"", "ค่าห้องรายวัน", ISNUMBER(SEARCH("ค่าเช่า", C77)), "ค่าเช่าบ้าน", TRUE, "รายรับอื่นๆ"), "") | M77: =IF(G77>0, IFS(ISNUMBER(SEARCH("หักมัดจำ", C77)), "หักมัดจำ", OR(ISNUMBER(SEARCH("เบิก", C77)), ISNUMBER(SEARCH("ซื้อของ", C77))), "ค่าวัสดุ/ซื้อของ", OR(ISNUMBER(SEARCH("ค่าน้ำ", C77)), ISNUMBER(SEARCH("ค่าไฟ", C77))), "ค่าน้ำ/ค่าไฟ", ISNUMBER(SEARCH("ค่าจ้าง", C77)), "ค่าแรง/เงินเดือน", TRUE, "รายจ่ายอื่นๆ"), "") -> รายจ่ายอื่นๆ
A78: 45969 | B78: =A78+F78 -> 45970 | C78: จีรพร | E78: A106 | F78: 1 | G78: 0 | H78: 450 | I78: พักต่อ | J78: 0 | K78: 0 | L78: =IF(H78>0, IFS(E78<>"", "ค่าห้องรายวัน", ISNUMBER(SEARCH("ค่าเช่า", C78)), "ค่าเช่าบ้าน", TRUE, "รายรับอื่นๆ"), "") -> ค่าห้องรายวัน | M78: =IF(G78>0, IFS(ISNUMBER(SEARCH("หักมัดจำ", C78)), "หักมัดจำ", OR(ISNUMBER(SEARCH("เบิก", C78)), ISNUMBER(SEARCH("ซื้อของ", C78))), "ค่าวัสดุ/ซื้อของ", OR(ISNUMBER(SEARCH("ค่าน้ำ", C78)), ISNUMBER(SEARCH("ค่าไฟ", C78))), "ค่าน้ำ/ค่าไฟ", ISNUMBER(SEARCH("ค่าจ้าง", C78)), "ค่าแรง/เงินเดือน", TRUE, "รายจ่ายอื่นๆ"), "")
A79: 45969 | B79: =A79+F79 -> 45970 | C79: กุศล | E79: A104 | F79: 1 | G79: 0 | H79: 400 | I79: พักต่อ | J79: 0 | K79: 0 | L79: =IF(H79>0, IFS(E79<>"", "ค่าห้องรายวัน", ISNUMBER(SEARCH("ค่าเช่า", C79)), "ค่าเช่าบ้าน", TRUE, "รายรับอื่นๆ"), "") -> ค่าห้องรายวัน | M79: =IF(G79>0, IFS(ISNUMBER(SEARCH("หักมัดจำ", C79)), "หักมัดจำ", OR(ISNUMBER(SEARCH("เบิก", C79)), ISNUMBER(SEARCH("ซื้อของ", C79))), "ค่าวัสดุ/ซื้อของ", OR(ISNUMBER(SEARCH("ค่าน้ำ", C79)), ISNUMBER(SEARCH("ค่าไฟ", C79))), "ค่าน้ำ/ค่าไฟ", ISNUMBER(SEARCH("ค่าจ้าง", C79)), "ค่าแรง/เงินเดือน", TRUE, "รายจ่ายอื่นๆ"), "")
A80: 45969 | B80: =A80+F80 -> 45970 | C80: ศิรวัช | E80: B206 | F80: 1 | G80: 0 | H80: 400 | I80: พักต่อ | J80: 0 | K80: 0 | L80: =IF(H80>0, IFS(E80<>"", "ค่าห้องรายวัน", ISNUMBER(SEARCH("ค่าเช่า", C80)), "ค่าเช่าบ้าน", TRUE, "รายรับอื่นๆ"), "") -> ค่าห้องรายวัน | M80: =IF(G80>0, IFS(ISNUMBER(SEARCH("หักมัดจำ", C80)), "หักมัดจำ", OR(ISNUMBER(SEARCH("เบิก", C80)), ISNUMBER(SEARCH("ซื้อของ", C80))), "ค่าวัสดุ/ซื้อของ", OR(ISNUMBER(SEARCH("ค่าน้ำ", C80)), ISNUMBER(SEARCH("ค่าไฟ", C80))), "ค่าน้ำ/ค่าไฟ", ISNUMBER(SEARCH("ค่าจ้าง", C80)), "ค่าแรง/เงินเดือน", TRUE, "รายจ่ายอื่นๆ"), "")
A81: 45969 | B81: =A81+F81 -> 45970 | C81: ศิริกาญจน์ | D81: 098-8398854 | E81: B107 | F81: 1 | G81: 0 | H81: 400 | J81: 0 | K81: 100 | L81: =IF(H81>0, IFS(E81<>"", "ค่าห้องรายวัน", ISNUMBER(SEARCH("ค่าเช่า", C81)), "ค่าเช่าบ้าน", TRUE, "รายรับอื่นๆ"), "") -> ค่าห้องรายวัน | M81: =IF(G81>0, IFS(ISNUMBER(SEARCH("หักมัดจำ", C81)), "หักมัดจำ", OR(ISNUMBER(SEARCH("เบิก", C81)), ISNUMBER(SEARCH("ซื้อของ", C81))), "ค่าวัสดุ/ซื้อของ", OR(ISNUMBER(SEARCH("ค่าน้ำ", C81)), ISNUMBER(SEARCH("ค่าไฟ", C81))), "ค่าน้ำ/ค่าไฟ", ISNUMBER(SEARCH("ค่าจ้าง", C81)), "ค่าแรง/เงินเดือน", TRUE, "รายจ่ายอื่นๆ"), "")
A82: 45969 | B82: =A82+F82 -> 45970 | C82: ชาตรี | E82: B110 | F82: 1 | G82: 0 | H82: 400 | I82: พักต่อ | J82: 0 | K82: 0 | L82: =IF(H82>0, IFS(E82<>"", "ค่าห้องรายวัน", ISNUMBER(SEARCH("ค่าเช่า", C82)), "ค่าเช่าบ้าน", TRUE, "รายรับอื่นๆ"), "") -> ค่าห้องรายวัน | M82: =IF(G82>0, IFS(ISNUMBER(SEARCH("หักมัดจำ", C82)), "หักมัดจำ", OR(ISNUMBER(SEARCH("เบิก", C82)), ISNUMBER(SEARCH("ซื้อของ", C82))), "ค่าวัสดุ/ซื้อของ", OR(ISNUMBER(SEARCH("ค่าน้ำ", C82)), ISNUMBER(SEARCH("ค่าไฟ", C82))), "ค่าน้ำ/ค่าไฟ", ISNUMBER(SEARCH("ค่าจ้าง", C82)), "ค่าแรง/เงินเดือน", TRUE, "รายจ่ายอื่นๆ"), "")
A83: 45969 | B83: =A83+F83 -> 45970 | C83: ทวีศักดิ์ | E83: A111 | F83: 1 | G83: 0 | H83: 400 | I83: พักต่อ | J83: 0 | K83: 0 | L83: =IF(H83>0, IFS(E83<>"", "ค่าห้องรายวัน", ISNUMBER(SEARCH("ค่าเช่า", C83)), "ค่าเช่าบ้าน", TRUE, "รายรับอื่นๆ"), "") -> ค่าห้องรายวัน | M83: =IF(G83>0, IFS(ISNUMBER(SEARCH("หักมัดจำ", C83)), "หักมัดจำ", OR(ISNUMBER(SEARCH("เบิก", C83)), ISNUMBER(SEARCH("ซื้อของ", C83))), "ค่าวัสดุ/ซื้อของ", OR(ISNUMBER(SEARCH("ค่าน้ำ", C83)), ISNUMBER(SEARCH("ค่าไฟ", C83))), "ค่าน้ำ/ค่าไฟ", ISNUMBER(SEARCH("ค่าจ้าง", C83)), "ค่าแรง/เงินเดือน", TRUE, "รายจ่ายอื่นๆ"), "")
A84: 45969 | B84: =A84+F84 -> 45970 | C84: สิรินทิพย์ | D84: 098-9611336 | E84: B105 | F84: 1 | G84: 0 | H84: 400 | J84: 0 | K84: 100 | L84: =IF(H84>0, IFS(E84<>"", "ค่าห้องรายวัน", ISNUMBER(SEARCH("ค่าเช่า", C84)), "ค่าเช่าบ้าน", TRUE, "รายรับอื่นๆ"), "") -> ค่าห้องรายวัน | M84: =IF(G84>0, IFS(ISNUMBER(SEARCH("หักมัดจำ", C84)), "หักมัดจำ", OR(ISNUMBER(SEARCH("เบิก", C84)), ISNUMBER(SEARCH("ซื้อของ", C84))), "ค่าวัสดุ/ซื้อของ", OR(ISNUMBER(SEARCH("ค่าน้ำ", C84)), ISNUMBER(SEARCH("ค่าไฟ", C84))), "ค่าน้ำ/ค่าไฟ", ISNUMBER(SEARCH("ค่าจ้าง", C84)), "ค่าแรง/เงินเดือน", TRUE, "รายจ่ายอื่นๆ"), "")
A85: 45969 | B85: =A85+F85 -> 45970 | C85: ปภัสสร | D85: 084-5802700 | E85: B104 | F85: 1 | G85: 0 | H85: 400 | J85: 0 | K85: 100 | L85: =IF(H85>0, IFS(E85<>"", "ค่าห้องรายวัน", ISNUMBER(SEARCH("ค่าเช่า", C85)), "ค่าเช่าบ้าน", TRUE, "รายรับอื่นๆ"), "") -> ค่าห้องรายวัน | M85: =IF(G85>0, IFS(ISNUMBER(SEARCH("หักมัดจำ", C85)), "หักมัดจำ", OR(ISNUMBER(SEARCH("เบิก", C85)), ISNUMBER(SEARCH("ซื้อของ", C85))), "ค่าวัสดุ/ซื้อของ", OR(ISNUMBER(SEARCH("ค่าน้ำ", C85)), ISNUMBER(SEARCH("ค่าไฟ", C85))), "ค่าน้ำ/ค่าไฟ", ISNUMBER(SEARCH("ค่าจ้าง", C85)), "ค่าแรง/เงินเดือน", TRUE, "รายจ่ายอื่นๆ"), "")
A86: 45969 | B86: =A86+F86 -> 45970 | C86: MD.WIAS | D86: 082-3632220 | E86: A103 | F86: 1 | G86: 0 | H86: 400 | J86: 0 | K86: 100 | L86: =IF(H86>0, IFS(E86<>"", "ค่าห้องรายวัน", ISNUMBER(SEARCH("ค่าเช่า", C86)), "ค่าเช่าบ้าน", TRUE, "รายรับอื่นๆ"), "") -> ค่าห้องรายวัน | M86: =IF(G86>0, IFS(ISNUMBER(SEARCH("หักมัดจำ", C86)), "หักมัดจำ", OR(ISNUMBER(SEARCH("เบิก", C86)), ISNUMBER(SEARCH("ซื้อของ", C86))), "ค่าวัสดุ/ซื้อของ", OR(ISNUMBER(SEARCH("ค่าน้ำ", C86)), ISNUMBER(SEARCH("ค่าไฟ", C86))), "ค่าน้ำ/ค่าไฟ", ISNUMBER(SEARCH("ค่าจ้าง", C86)), "ค่าแรง/เงินเดือน", TRUE, "รายจ่ายอื่นๆ"), "")
A87: 45969 | B87: =A87+F87 -> 45970 | C87: MD.WIAS | D87: 082-3632220 | E87: A102 | F87: 1 | G87: 0 | H87: 400 | J87: 0 | K87: 100 | L87: =IF(H87>0, IFS(E87<>"", "ค่าห้องรายวัน", ISNUMBER(SEARCH("ค่าเช่า", C87)), "ค่าเช่าบ้าน", TRUE, "รายรับอื่นๆ"), "") -> ค่าห้องรายวัน | M87: =IF(G87>0, IFS(ISNUMBER(SEARCH("หักมัดจำ", C87)), "หักมัดจำ", OR(ISNUMBER(SEARCH("เบิก", C87)), ISNUMBER(SEARCH("ซื้อของ", C87))), "ค่าวัสดุ/ซื้อของ", OR(ISNUMBER(SEARCH("ค่าน้ำ", C87)), ISNUMBER(SEARCH("ค่าไฟ", C87))), "ค่าน้ำ/ค่าไฟ", ISNUMBER(SEARCH("ค่าจ้าง", C87)), "ค่าแรง/เงินเดือน", TRUE, "รายจ่ายอื่นๆ"), "")
A88: 45969 | B88: =A88+F88 -> 45970 | C88: อาทิตย์ | E88: B109 | F88: 1 | G88: 0 | H88: 400 | J88: 0 | K88: 0 | L88: =IF(H88>0, IFS(E88<>"", "ค่าห้องรายวัน", ISNUMBER(SEARCH("ค่าเช่า", C88)), "ค่าเช่าบ้าน", TRUE, "รายรับอื่นๆ"), "") -> ค่าห้องรายวัน | M88: =IF(G88>0, IFS(ISNUMBER(SEARCH("หักมัดจำ", C88)), "หักมัดจำ", OR(ISNUMBER(SEARCH("เบิก", C88)), ISNUMBER(SEARCH("ซื้อของ", C88))), "ค่าวัสดุ/ซื้อของ", OR(ISNUMBER(SEARCH("ค่าน้ำ", C88)), ISNUMBER(SEARCH("ค่าไฟ", C88))), "ค่าน้ำ/ค่าไฟ", ISNUMBER(SEARCH("ค่าจ้าง", C88)), "ค่าแรง/เงินเดือน", TRUE, "รายจ่ายอื่นๆ"), "")
A89: 45969 | B89: =A89+F89 -> 45970 | C89: เอกทัศน์ ลีละ | D89: 061-2559816 | E89: B108 | F89: 1 | G89: 0 | H89: 400 | J89: 0 | K89: 100 | L89: =IF(H89>0, IFS(E89<>"", "ค่าห้องรายวัน", ISNUMBER(SEARCH("ค่าเช่า", C89)), "ค่าเช่าบ้าน", TRUE, "รายรับอื่นๆ"), "") -> ค่าห้องรายวัน | M89: =IF(G89>0, IFS(ISNUMBER(SEARCH("หักมัดจำ", C89)), "หักมัดจำ", OR(ISNUMBER(SEARCH("เบิก", C89)), ISNUMBER(SEARCH("ซื้อของ", C89))), "ค่าวัสดุ/ซื้อของ", OR(ISNUMBER(SEARCH("ค่าน้ำ", C89)), ISNUMBER(SEARCH("ค่าไฟ", C89))), "ค่าน้ำ/ค่าไฟ", ISNUMBER(SEARCH("ค่าจ้าง", C89)), "ค่าแรง/เงินเดือน", TRUE, "รายจ่ายอื่นๆ"), "")
A90: 45969 | B90: =A90+F90 -> 45970 | C90: ปฏิวัติ | E90: B102 | F90: 1 | G90: 0 | H90: 500 | J90: 0 | K90: 0 | L90: =IF(H90>0, IFS(E90<>"", "ค่าห้องรายวัน", ISNUMBER(SEARCH("ค่าเช่า", C90)), "ค่าเช่าบ้าน", TRUE, "รายรับอื่นๆ"), "") -> ค่าห้องรายวัน | M90: =IF(G90>0, IFS(ISNUMBER(SEARCH("หักมัดจำ", C90)), "หักมัดจำ", OR(ISNUMBER(SEARCH("เบิก", C90)), ISNUMBER(SEARCH("ซื้อของ", C90))), "ค่าวัสดุ/ซื้อของ", OR(ISNUMBER(SEARCH("ค่าน้ำ", C90)), ISNUMBER(SEARCH("ค่าไฟ", C90))), "ค่าน้ำ/ค่าไฟ", ISNUMBER(SEARCH("ค่าจ้าง", C90)), "ค่าแรง/เงินเดือน", TRUE, "รายจ่ายอื่นๆ"), "")
A91: 45969 | B91: =A91+F91 -> 45970 | C91: ปฏิวัติ | E91: B102 | F91: 1 | G91: 0 | H91: 100 | J91: 0 | K91: 0 | L91: =IF(H91>0, IFS(E91<>"", "ค่าห้องรายวัน", ISNUMBER(SEARCH("ค่าเช่า", C91)), "ค่าเช่าบ้าน", TRUE, "รายรับอื่นๆ"), "") -> ค่าห้องรายวัน | M91: =IF(G91>0, IFS(ISNUMBER(SEARCH("หักมัดจำ", C91)), "หักมัดจำ", OR(ISNUMBER(SEARCH("เบิก", C91)), ISNUMBER(SEARCH("ซื้อของ", C91))), "ค่าวัสดุ/ซื้อของ", OR(ISNUMBER(SEARCH("ค่าน้ำ", C91)), ISNUMBER(SEARCH("ค่าไฟ", C91))), "ค่าน้ำ/ค่าไฟ", ISNUMBER(SEARCH("ค่าจ้าง", C91)), "ค่าแรง/เงินเดือน", TRUE, "รายจ่ายอื่นๆ"), "")
A92: 45969 | B92: =A92+F92 -> 45970 | C92: คมสัน | D92: 089-0585052 | E92: B101 | F92: 1 | G92: 0 | H92: 500 | J92: 0 | K92: 0 | L92: =IF(H92>0, IFS(E92<>"", "ค่าห้องรายวัน", ISNUMBER(SEARCH("ค่าเช่า", C92)), "ค่าเช่าบ้าน", TRUE, "รายรับอื่นๆ"), "") -> ค่าห้องรายวัน | M92: =IF(G92>0, IFS(ISNUMBER(SEARCH("หักมัดจำ", C92)), "หักมัดจำ", OR(ISNUMBER(SEARCH("เบิก", C92)), ISNUMBER(SEARCH("ซื้อของ", C92))), "ค่าวัสดุ/ซื้อของ", OR(ISNUMBER(SEARCH("ค่าน้ำ", C92)), ISNUMBER(SEARCH("ค่าไฟ", C92))), "ค่าน้ำ/ค่าไฟ", ISNUMBER(SEARCH("ค่าจ้าง", C92)), "ค่าแรง/เงินเดือน", TRUE, "รายจ่ายอื่นๆ"), "")
A93: 45969 | B93: =A93+F93 -> 45970 | C93: คมสัน | E93: B101 | F93: 1 | G93: 0 | H93: 100 | J93: 0 | K93: 0 | L93: =IF(H93>0, IFS(E93<>"", "ค่าห้องรายวัน", ISNUMBER(SEARCH("ค่าเช่า", C93)), "ค่าเช่าบ้าน", TRUE, "รายรับอื่นๆ"), "") -> ค่าห้องรายวัน | M93: =IF(G93>0, IFS(ISNUMBER(SEARCH("หักมัดจำ", C93)), "หักมัดจำ", OR(ISNUMBER(SEARCH("เบิก", C93)), ISNUMBER(SEARCH("ซื้อของ", C93))), "ค่าวัสดุ/ซื้อของ", OR(ISNUMBER(SEARCH("ค่าน้ำ", C93)), ISNUMBER(SEARCH("ค่าไฟ", C93))), "ค่าน้ำ/ค่าไฟ", ISNUMBER(SEARCH("ค่าจ้าง", C93)), "ค่าแรง/เงินเดือน", TRUE, "รายจ่ายอื่นๆ"), "")
A94: 45970 | B94: =A94+F94 -> 45971 | C94: วันวิสา โทน | E94: B107 | F94: 1 | G94: 0 | H94: 400 | I94: โอนบัญชี | J94: 0 | K94: 0 | L94: =IF(H94>0, IFS(E94<>"", "ค่าห้องรายวัน", ISNUMBER(SEARCH("ค่าเช่า", C94)), "ค่าเช่าบ้าน", TRUE, "รายรับอื่นๆ"), "") -> ค่าห้องรายวัน | M94: =IF(G94>0, IFS(ISNUMBER(SEARCH("หักมัดจำ", C94)), "หักมัดจำ", OR(ISNUMBER(SEARCH("เบิก", C94)), ISNUMBER(SEARCH("ซื้อของ", C94))), "ค่าวัสดุ/ซื้อของ", OR(ISNUMBER(SEARCH("ค่าน้ำ", C94)), ISNUMBER(SEARCH("ค่าไฟ", C94))), "ค่าน้ำ/ค่าไฟ", ISNUMBER(SEARCH("ค่าจ้าง", C94)), "ค่าแรง/เงินเดือน", TRUE, "รายจ่ายอื่นๆ"), "")
A95: 45970 | B95: =A95+F95 -> 45971 | C95: ธีระชัย | E95: B206 | F95: 1 | G95: 0 | H95: 400 | I95: โอนบัญชี | J95: 0 | K95: 0 | L95: =IF(H95>0, IFS(E95<>"", "ค่าห้องรายวัน", ISNUMBER(SEARCH("ค่าเช่า", C95)), "ค่าเช่าบ้าน", TRUE, "รายรับอื่นๆ"), "") -> ค่าห้องรายวัน | M95: =IF(G95>0, IFS(ISNUMBER(SEARCH("หักมัดจำ", C95)), "หักมัดจำ", OR(ISNUMBER(SEARCH("เบิก", C95)), ISNUMBER(SEARCH("ซื้อของ", C95))), "ค่าวัสดุ/ซื้อของ", OR(ISNUMBER(SEARCH("ค่าน้ำ", C95)), ISNUMBER(SEARCH("ค่าไฟ", C95))), "ค่าน้ำ/ค่าไฟ", ISNUMBER(SEARCH("ค่าจ้าง", C95)), "ค่าแรง/เงินเดือน", TRUE, "รายจ่ายอื่นๆ"), "")
A96: 45970 | B96: =A96+F96 -> 45970 | C96: ฝากพี่จิ้ม | F96: 0 | G96: 3000 | H96: 0 | J96: 2086 | K96: 0 | L96: =IF(H96>0, IFS(E96<>"", "ค่าห้องรายวัน", ISNUMBER(SEARCH("ค่าเช่า", C96)), "ค่าเช่าบ้าน", TRUE, "รายรับอื่นๆ"), "") | M96: =IF(G96>0, IFS(ISNUMBER(SEARCH("หักมัดจำ", C96)), "หักมัดจำ", OR(ISNUMBER(SEARCH("เบิก", C96)), ISNUMBER(SEARCH("ซื้อของ", C96))), "ค่าวัสดุ/ซื้อของ", OR(ISNUMBER(SEARCH("ค่าน้ำ", C96)), ISNUMBER(SEARCH("ค่าไฟ", C96))), "ค่าน้ำ/ค่าไฟ", ISNUMBER(SEARCH("ค่าจ้าง", C96)), "ค่าแรง/เงินเดือน", TRUE, "รายจ่ายอื่นๆ"), "") -> รายจ่ายอื่นๆ
A97: 45970 | B97: =A97+F97 -> 45971 | C97: กมลลักษ์ | D97: 098-6938998 | E97: N2 | F97: 1 | G97: 0 | H97: 600 | J97: 0 | K97: 100 | L97: =IF(H97>0, IFS(E97<>"", "ค่าห้องรายวัน", ISNUMBER(SEARCH("ค่าเช่า", C97)), "ค่าเช่าบ้าน", TRUE, "รายรับอื่นๆ"), "") -> ค่าห้องรายวัน | M97: =IF(G97>0, IFS(ISNUMBER(SEARCH("หักมัดจำ", C97)), "หักมัดจำ", OR(ISNUMBER(SEARCH("เบิก", C97)), ISNUMBER(SEARCH("ซื้อของ", C97))), "ค่าวัสดุ/ซื้อของ", OR(ISNUMBER(SEARCH("ค่าน้ำ", C97)), ISNUMBER(SEARCH("ค่าไฟ", C97))), "ค่าน้ำ/ค่าไฟ", ISNUMBER(SEARCH("ค่าจ้าง", C97)), "ค่าแรง/เงินเดือน", TRUE, "รายจ่ายอื่นๆ"), "")
A98: 45970 | B98: =A98+F98 -> 45970 | C98: หักมัดจำ | E98: N2 | F98: 0 | G98: 100 | H98: 0 | J98: 1986 | K98: 0 | L98: =IF(H98>0, IFS(E98<>"", "ค่าห้องรายวัน", ISNUMBER(SEARCH("ค่าเช่า", C98)), "ค่าเช่าบ้าน", TRUE, "รายรับอื่นๆ"), "") | M98: =IF(G98>0, IFS(ISNUMBER(SEARCH("หักมัดจำ", C98)), "หักมัดจำ", OR(ISNUMBER(SEARCH("เบิก", C98)), ISNUMBER(SEARCH("ซื้อของ", C98))), "ค่าวัสดุ/ซื้อของ", OR(ISNUMBER(SEARCH("ค่าน้ำ", C98)), ISNUMBER(SEARCH("ค่าไฟ", C98))), "ค่าน้ำ/ค่าไฟ", ISNUMBER(SEARCH("ค่าจ้าง", C98)), "ค่าแรง/เงินเดือน", TRUE, "รายจ่ายอื่นๆ"), "") -> หักมัดจำ
A99: 45970 | B99: =A99+F99 -> 45971 | C99: นิชพร | E99: A103 | F99: 1 | G99: 0 | H99: 500 | J99: 0 | K99: 0 | L99: =IF(H99>0, IFS(E99<>"", "ค่าห้องรายวัน", ISNUMBER(SEARCH("ค่าเช่า", C99)), "ค่าเช่าบ้าน", TRUE, "รายรับอื่นๆ"), "") -> ค่าห้องรายวัน | M99: =IF(G99>0, IFS(ISNUMBER(SEARCH("หักมัดจำ", C99)), "หักมัดจำ", OR(ISNUMBER(SEARCH("เบิก", C99)), ISNUMBER(SEARCH("ซื้อของ", C99))), "ค่าวัสดุ/ซื้อของ", OR(ISNUMBER(SEARCH("ค่าน้ำ", C99)), ISNUMBER(SEARCH("ค่าไฟ", C99))), "ค่าน้ำ/ค่าไฟ", ISNUMBER(SEARCH("ค่าจ้าง", C99)), "ค่าแรง/เงินเดือน", TRUE, "รายจ่ายอื่นๆ"), "")
A100: 45970 | B100: =A100+F100 -> 45970 | C100: หักมัดจำ | E100: A103 | F100: 0 | G100: 100 | H100: 0 | J100: 1886 | K100: 0 | L100: =IF(H100>0, IFS(E100<>"", "ค่าห้องรายวัน", ISNUMBER(SEARCH("ค่าเช่า", C100)), "ค่าเช่าบ้าน", TRUE, "รายรับอื่นๆ"), "") | M100: =IF(G100>0, IFS(ISNUMBER(SEARCH("หักมัดจำ", C100)), "หักมัดจำ", OR(ISNUMBER(SEARCH("เบิก", C100)), ISNUMBER(SEARCH("ซื้อของ", C100))), "ค่าวัสดุ/ซื้อของ", OR(ISNUMBER(SEARCH("ค่าน้ำ", C100)), ISNUMBER(SEARCH("ค่าไฟ", C100))), "ค่าน้ำ/ค่าไฟ", ISNUMBER(SEARCH("ค่าจ้าง", C100)), "ค่าแรง/เงินเดือน", TRUE, "รายจ่ายอื่นๆ"), "") -> หักมัดจำ
...

Sheet ฟอร์มรายงาน อำเภอ
F1: ประจำเดือน | G1: ธันวาคม | H1: 2568
A2: เลขที่ลำดับ | B2: วันเวลา เข้ามาพัก | C2: ห้องพักเลขที่ | D2: ชื่อตัวและชื่อสกุล | E2: สัญชาติ | F2: เลขประจำตัวประชาชนหรือ ใบสำคัญประจำตัวคนต่างด้าว หรือหนังสือเดินทาง เลขที่....ออกให้โดย | G2: ที่อยู่ปัจจุบันอยู่ที่ ตำบล อำเภอ จังหวัด หรือประเทศใด | H2: อาชีพ | I2: มาจากตำบล อำเภอ จังหวัด หรือประเทศใด | J2: จะไปตำบล อำเภอ จังหวัด หรือประเทศใด | K2: วันเวลาที่ออกไป
A3: 1 | B3: 45992 | C3: B106 | D3: พรทิพย์ | E3: ไทย | H3: รับจ้าง | I3: บึงกาฬ | J3: บึงกาฬ | K3: 45963
A4: 2 | B4: 45992 | C4: N2 | D4: ชัยศักดิ์ | E4: ไทย | H4: รับจ้าง | I4: บึงกาฬ | J4: บึงกาฬ | K4: 45963
A5: 3 | B5: 45992 | C5: B103 | D5: พรทิพย์ | E5: ไทย | H5: รับจ้าง | I5: บึงกาฬ | J5: บึงกาฬ | K5: 45963
A6: 4 | B6: 45992 | C6: B105 | D6: พรทิพย์ | E6: ไทย | H6: รับจ้าง | I6: บึงกาฬ | J6: บึงกาฬ | K6: 45963
A7: 5 | B7: 45992 | C7: B107 | D7: อาทิตย์ | E7: ไทย | H7: รับจ้าง | I7: บึงกาฬ | J7: บึงกาฬ | K7: 45963
A8: 6 | B8: 45992 | C8: N7 | D8: จิรัชยา | E8: ไทย | H8: รับจ้าง | I8: บึงกาฬ | J8: บึงกาฬ | K8: 45963
A9: 7 | B9: 45993 | C9: B107 | D9: คุณน้ำส้ม | E9: ไทย | F9: 1774808059486 | H9: รับจ้าง | I9: บึงกาฬ | J9: บึงกาฬ | K9: 45963
A10: 8 | B10: 45993 | C10: A103 | D10: สุจิตรา | E10: ไทย | F10: 2320793392462 | H10: รับจ้าง | I10: บึงกาฬ | J10: บึงกาฬ | K10: 45963
A11: 9 | B11: 45993 | C11: B106 | D11: พรทิพย์ | E11: ไทย | H11: รับจ้าง | I11: บึงกาฬ | J11: บึงกาฬ | K11: 45963
A12: 10 | B12: 45993 | C12: B104 | D12: พรทิพย์ | E12: ไทย | F12: 2310153923828 | G12: 30 ซอยกรุงเทพกรีฑา 20 แขวงทับช้าง เขตสะพานสูง กรุงเทพมหานคร 10250 | H12: รับจ้าง | I12: บึงกาฬ | J12: บึงกาฬ | K12: 45963
A13: 11 | B13: 45993 | C13: A105 | D13: จิรพัส | E13: ไทย | F13: 8848316044749 | H13: รับจ้าง | I13: บึงกาฬ | J13: บึงกาฬ | K13: 45963
A14: 12 | B14: 45993 | C14: B105 | D14: พรทิพย์ | E14: ไทย | G14: 317 ซอยรัตนาธิเบศร์ 38 ตำบลบางกระสอ อำเภอเมืองนนทบุรี จังหวัดนนทบุรี 11000 | H14: รับจ้าง | I14: บึงกาฬ | J14: บึงกาฬ | K14: 45964
A15: 13 | B15: 45993 | C15: N6 | D15: วราภรณ์ | E15: ไทย | H15: รับจ้าง | I15: บึงกาฬ | J15: บึงกาฬ | K15: 45964
A16: 14 | B16: 45993 | C16: B108 | D16: วรพจน์ | E16: ไทย | H16: รับจ้าง | I16: บึงกาฬ | J16: บึงกาฬ | K16: 45965
A17: 15 | B17: 45994 | C17: B104 | D17: พรทิพย์ | E17: ไทย | H17: รับจ้าง | I17: บึงกาฬ | J17: บึงกาฬ | K17: 45965
A18: 16 | B18: 45994 | C18: B106 | D18: พรทิพย์ | E18: ไทย | H18: รับจ้าง | I18: บึงกาฬ | J18: บึงกาฬ | K18: 45965
A19: 17 | B19: 45994 | C19: N7 | D19: วรภูมิ | E19: ไทย | H19: รับจ้าง | I19: บึงกาฬ | J19: บึงกาฬ | K19: 45965
A20: 18 | B20: 45994 | C20: N7 | D20: บุญเกิด | E20: ไทย | H20: รับจ้าง | I20: บึงกาฬ | J20: บึงกาฬ | K20: 45965
A21: 19 | B21: 45994 | C21: B105 | D21: พรทิพย์ | E21: ไทย | H21: รับจ้าง | I21: บึงกาฬ | J21: บึงกาฬ | K21: 45965
A22: 20 | B22: 45994 | C22: B110 | D22: อรพร | E22: ไทย | G22: 50/12 หมู่ที่ 4 ตำบลบ้านใหม่ อำเภอบางใหญ่ จ.นนทบุรี 11140 | H22: รับจ้าง | I22: บึงกาฬ | J22: บึงกาฬ | K22: 45965
A23: 21 | B23: 45994 | C23: A111 | D23: ฟิวส์ | E23: ไทย | H23: รับจ้าง | I23: บึงกาฬ | J23: บึงกาฬ | K23: 45965
A24: 22 | B24: 45994 | C24: A111 | D24: ดำรงณ์ | E24: ไทย | H24: รับจ้าง | I24: บึงกาฬ | J24: บึงกาฬ | K24: 45965
A25: 23 | B25: 45994 | C25: B107 | D25: ทวีศักดิ์ | E25: ไทย | H25: รับจ้าง | I25: บึงกาฬ | J25: บึงกาฬ | K25: 45966
A26: 24 | B26: 45995 | C26: B108 | D26: ร้านโอทูออโต้ | E26: ไทย | H26: รับจ้าง | I26: บึงกาฬ | J26: บึงกาฬ | K26: 45966
A27: 25 | B27: 45995 | C27: B104 | D27: พรทิพย์ | E27: ไทย | F27: 2809609011816 | H27: รับจ้าง | I27: บึงกาฬ | J27: บึงกาฬ | K27: 45966
A28: 26 | B28: 45995 | C28: B106 | D28: พรทิพย์ | E28: ไทย | F28: 5536014716727 | G28: 109/110-111 ซอยซอยนวมินทร์ 74 แยก 3 ถนนนวมินทร์ แขวงคลองกุ่ม เขตบึงกุ่ม กรุงเทพมหานคร | H28: รับจ้าง | I28: บึงกาฬ | J28: บึงกาฬ | K28: 45966
A29: 27 | B29: 45995 | C29: B107 | D29: ทวีศักดิ์ | E29: ไทย | F29: 5977989136118 | H29: รับจ้าง | I29: บึงกาฬ | J29: บึงกาฬ | K29: 45966
A30: 28 | B30: 45995 | C30: A104 | D30: สมรัฐ | E30: ไทย | H30: รับจ้าง | I30: บึงกาฬ | J30: บึงกาฬ | K30: 45966
A31: 29 | B31: 45995 | C31: A105 | D31: สมรัฐ | E31: ไทย | H31: รับจ้าง | I31: บึงกาฬ | J31: บึงกาฬ | K31: 45966
A32: 30 | B32: 45995 | C32: A106 | D32: สมรัฐ | E32: ไทย | H32: รับจ้าง | I32: บึงกาฬ | J32: บึงกาฬ | K32: 45966
A33: 31 | B33: 45995 | C33: B105 | D33: พรทิพย์ | E33: ไทย | H33: รับจ้าง | I33: บึงกาฬ | J33: บึงกาฬ | K33: 45966
A34: 32 | B34: 45995 | C34: A103 | D34: สมรัฐ | E34: ไทย | H34: รับจ้าง | I34: บึงกาฬ | J34: บึงกาฬ | K34: 45971
A35: 33 | B35: 45996 | C35: N7 | D35: ชนกานต์สินธา | E35: ไทย | H35: รับจ้าง | I35: บึงกาฬ | J35: บึงกาฬ | K35: 45971
A36: 34 | B36: 45996 | C36: B106 | D36: พรทิพย์ | E36: ไทย | H36: รับจ้าง | I36: บึงกาฬ | J36: บึงกาฬ | K36: 45971
A37: 35 | B37: 45996 | C37: B104 | D37: พรทิพย์ | E37: ไทย | H37: รับจ้าง | I37: บึงกาฬ | J37: บึงกาฬ | K37: 45971
A38: 36 | B38: 45996 | C38: B105 | D38: พรทิพย์ | E38: ไทย | H38: รับจ้าง | I38: บึงกาฬ | J38: บึงกาฬ | K38: 45971
A39: 37 | B39: 45996 | C39: N2 | D39: สมศักดิ์ | E39: ไทย | H39: รับจ้าง | I39: บึงกาฬ | J39: บึงกาฬ | K39: 45971
A40: 38 | B40: 45997 | C40: B110 | D40: ชานน | E40: ไทย | G40: 88 หมู่ที่ 8 ตำบลทรงธรรม อำเภอเมืองกำแพงเพชร จ.กำแพงเพชร 62000 | H40: รับจ้าง | I40: บึงกาฬ | J40: บึงกาฬ | K40: 45971
A41: 39 | B41: 45997 | C41: B107 | D41: เมย์ | E41: ไทย | H41: รับจ้าง | I41: บึงกาฬ | J41: บึงกาฬ | K41: 45971
A42: 40 | B42: 45997 | C42: A105 | D42: ภานุพงษ์ | E42: ไทย | H42: รับจ้าง | I42: บึงกาฬ | J42: บึงกาฬ | K42: 45971
A43: 41 | B43: 45998 | C43: B106 | D43: เจนนรงค์ | E43: ไทย | H43: รับจ้าง | I43: บึงกาฬ | J43: บึงกาฬ | K43: 45971
A44: 42 | B44: 45998 | C44: B109 | D44: วิญญู | E44: ไทย | H44: รับจ้าง | I44: บึงกาฬ | J44: บึงกาฬ | K44: 45972
A45: 43 | B45: 45998 | C45: B107 | D45: วันดี | E45: ไทย | H45: รับจ้าง | I45: บึงกาฬ | J45: บึงกาฬ | K45: 45972
A46: 44 | B46: 45998 | C46: B108 | D46: อาทิตย์ | E46: ไทย | H46: รับจ้าง | I46: บึงกาฬ | J46: บึงกาฬ | K46: 45972
A47: 45 | B47: 45998 | C47: N2 | D47: ชัยศักดิ์ | E47: ไทย | H47: รับจ้าง | I47: บึงกาฬ | J47: บึงกาฬ | K47: 45972
A48: 46 | B48: 45999 | C48: B106 | D48: เจนรงณ์ | E48: ไทย | G48: 15 ซอยนาคนิวาส 45 ถนนนาคนิวาส แขวงลาดพร้าว เขตลาดพร้าว กรุงเทพมหานคร 10230 | H48: รับจ้าง | I48: บึงกาฬ | J48: บึงกาฬ | K48: 45972
A49: 47 | B49: 45999 | C49: B105 | D49: พัชราภา | E49: ไทย | H49: รับจ้าง | I49: บึงกาฬ | J49: บึงกาฬ | K49: 45972
A50: 48 | B50: 45999 | C50: N2 | D50: ศิริรัช ต่างชาติ | E50: ไทย | H50: รับจ้าง | I50: บึงกาฬ | J50: บึงกาฬ | K50: 45972
A51: 49 | B51: 45999 | C51: N7 | D51: มนะศักดิ์ | E51: ไทย | H51: รับจ้าง | I51: บึงกาฬ | J51: บึงกาฬ | K51: 45972
A52: 50 | B52: 45999 | C52: B107 | D52: ธิดารัตน์ | E52: ไทย | H52: รับจ้าง | I52: บึงกาฬ | J52: บึงกาฬ | K52: 45972
A53: 51 | B53: 45999 | C53: N3 | D53: ชัยศักดิ์ | E53: ไทย | H53: รับจ้าง | I53: บึงกาฬ | J53: บึงกาฬ | K53: 45972
A54: 52 | B54: 45999 | C54: B101 | D54: ดวงฤทัย | E54: ไทย | H54: รับจ้าง | I54: บึงกาฬ | J54: บึงกาฬ | K54: 45972
A55: 53 | B55: 45999 | C55: N4 | D55: ทิว | E55: ไทย | H55: รับจ้าง | I55: บึงกาฬ | J55: บึงกาฬ | K55: 45972
A56: 54 | B56: 45999 | C56: B108 | D56: ณัฐพนธ์ | E56: ไทย | H56: รับจ้าง | I56: บึงกาฬ | J56: บึงกาฬ | K56: 45972
A57: 55 | B57: 45999 | C57: B104 | D57: คม | E57: ไทย | H57: รับจ้าง | I57: บึงกาฬ | J57: บึงกาฬ | K57: 45973
A58: 56 | B58: 45999 | C58: B103 | D58: ชัยยุทธ์ | E58: ไทย | H58: รับจ้าง | I58: บึงกาฬ | J58: บึงกาฬ | K58: 45973
A59: 57 | B59: 46000 | C59: A111 | D59: นาย ไสว | E59: ไทย | H59: รับจ้าง | I59: บึงกาฬ | J59: บึงกาฬ | K59: 45973
A60: 58 | B60: 46000 | C60: B101 | D60: ทวีศักดิ์ | E60: ไทย | H60: รับจ้าง | I60: บึงกาฬ | J60: บึงกาฬ | K60: 45973
A61: 59 | B61: 46000 | C61: B106 | D61: ศิริวิมล | E61: ไทย | H61: รับจ้าง | I61: บึงกาฬ | J61: บึงกาฬ | K61: 45973
A62: 60 | B62: 46000 | C62: B107 | D62: วรรัตน์ | E62: ไทย | F62: 2003100722258 | H62: รับจ้าง | I62: บึงกาฬ | J62: บึงกาฬ | K62: 45973
A63: 61 | B63: 24816 | C63: A111 | D63: นาย ไสว | E63: ไทย | F63: 9623178779906 | H63: รับจ้าง | I63: บึงกาฬ | J63: บึงกาฬ | K63: 45973
A64: 62 | B64: 46001 | C64: B106 | D64: St สเปค | E64: ไทย | H64: รับจ้าง | I64: บึงกาฬ | J64: บึงกาฬ | K64: 45973
A65: 63 | B65: 46001 | C65: B109 | D65: จิรัชยา | E65: ไทย | H65: รับจ้าง | I65: บึงกาฬ | J65: บึงกาฬ | K65: 45973
A66: 64 | B66: 46001 | C66: N2 | D66: ชัยศักดิ์ | E66: ไทย | H66: รับจ้าง | I66: บึงกาฬ | J66: บึงกาฬ | K66: 45973
A67: 65 | B67: 46001 | C67: A108 | D67: เชษฐา | E67: ไทย | H67: รับจ้าง | I67: บึงกาฬ | J67: บึงกาฬ | K67: 45974
A68: 66 | B68: 46001 | C68: B104 | D68: น้อย | E68: ไทย | H68: รับจ้าง | I68: บึงกาฬ | J68: บึงกาฬ | K68: 45974
A69: 67 | B69: 46001 | C69: B105 | D69: น้อย | E69: ไทย | H69: รับจ้าง | I69: บึงกาฬ | J69: บึงกาฬ | K69: 45974
A70: 25 | B70: 46001 | C70: N3 | D70: คุณทิว | E70: ไทย | H70: รับจ้าง | I70: บึงกาฬ | J70: บึงกาฬ | K70: 45975
A71: 69 | B71: 46002 | C71: A105 | D71: ภาณุพงศ์ | E71: ไทย | H71: รับจ้าง | I71: บึงกาฬ | J71: บึงกาฬ | K71: 45974
A72: 70 | B72: 46002 | C72: B107 | D72: สุวรรณ | E72: ไทย | H72: รับจ้าง | I72: บึงกาฬ | J72: บึงกาฬ | K72: 45974
A73: 71 | B73: 46002 | C73: A111 | D73: อัญธิกา สุระกำแหง | E73: ไทย | H73: รับจ้าง | I73: บึงกาฬ | J73: บึงกาฬ | K73: 45974
A74: 72 | B74: 46002 | C74: N7 | D74: จิรัชยา | E74: ไทย | H74: รับจ้าง | I74: บึงกาฬ | J74: บึงกาฬ | K74: 45974
A75: 73 | B75: 46002 | C75: B106 | D75: ทวีศักดิ์ | E75: ไทย | H75: รับจ้าง | I75: บึงกาฬ | J75: บึงกาฬ | K75: 45975
A76: 74 | B76: 46002 | C76: B105 | D76: ภวิน | E76: ไทย | F76: 7125550623404 | H76: รับจ้าง | I76: บึงกาฬ | J76: บึงกาฬ | K76: 45974
A77: 75 | B77: 46002 | C77: B108 | D77: ทวีศักดิ์ | E77: ไทย | H77: รับจ้าง | I77: บึงกาฬ | J77: บึงกาฬ | K77: 45975
A78: 76 | B78: 46002 | C78: A104 | D78: สุวัฒน์ | E78: ไทย | H78: รับจ้าง | I78: บึงกาฬ | J78: บึงกาฬ | K78: 45977
A79: 77 | B79: 46003 | C79: A105 | D79: บริษัท เออร์วิง | E79: ไทย | H79: รับจ้าง | I79: บึงกาฬ | J79: บึงกาฬ | K79: 45975
A80: 78 | B80: 46003 | C80: B106 | D80: สิรินุช | E80: ไทย | H80: รับจ้าง | I80: บึงกาฬ | J80: บึงกาฬ | K80: 45975
A81: 79 | B81: 46003 | C81: B108 | D81: ศุภณัฐ | E81: ไทย | H81: รับจ้าง | I81: บึงกาฬ | J81: บึงกาฬ | K81: 45975
A82: 80 | B82: 46003 | C82: B109 | D82: มนต์ราทรานสปอร์ต | E82: ไทย | H82: รับจ้าง | I82: บึงกาฬ | J82: บึงกาฬ | K82: 45975
A83: 81 | B83: 46003 | C83: B107 | D83: พลวิภา | E83: ไทย | H83: รับจ้าง | I83: บึงกาฬ | J83: บึงกาฬ | K83: 45975
A84: 82 | B84: 46003 | C84: A104 | D84: FROZENอนันต์ | E84: ไทย | F84: 7193167229254 | H84: รับจ้าง | I84: บึงกาฬ | J84: บึงกาฬ | K84: 45975
A85: 83 | B85: 46003 | C85: B105 | D85: ศรายุธ | E85: ไทย | H85: รับจ้าง | I85: บึงกาฬ | J85: บึงกาฬ | K85: 45975
A86: 84 | B86: 46003 | C86: A101 | D86: พรรษา | E86: ไทย | H86: รับจ้าง | I86: บึงกาฬ | J86: บึงกาฬ | K86: 45975
A87: 85 | B87: 46004 | C87: A111 | D87: จิตอนันต์ | E87: ไทย | H87: รับจ้าง | I87: บึงกาฬ | J87: บึงกาฬ | K87: 45975
A88: 86 | B88: 46004 | C88: B107 | D88: เพชรดาวน้ำดื่ม | E88: ไทย | H88: รับจ้าง | I88: บึงกาฬ | J88: บึงกาฬ | K88: 45975
A89: 87 | B89: 46004 | C89: A105 | D89: วรองค์ | E89: ไทย | G89: 25/1 หมู่ที่ 3 ตำบลหนองบัว อำเภอเมืองอุดรธานี จ.อุดรธานี 41000 | H89: รับจ้าง | I89: บึงกาฬ | J89: บึงกาฬ | K89: 45975
A90: 88 | B90: 46004 | C90: N3 | D90: คุณทิว | E90: ไทย | H90: รับจ้าง | I90: บึงกาฬ | J90: บึงกาฬ | K90: 45975
A91: 89 | B91: 46004 | C91: B105 | D91: สุภัสสร | E91: ไทย | H91: รับจ้าง | I91: บึงกาฬ | J91: บึงกาฬ | K91: 45975
A92: 90 | B92: 46005 | C92: A104 | D92: ขนิษฐากานต์ | E92: ไทย | H92: รับจ้าง | I92: บึงกาฬ | J92: บึงกาฬ | K92: 45975
A93: 91 | B93: 46005 | C93: A105 | D93: สุภัสสร | E93: ไทย | H93: รับจ้าง | I93: บึงกาฬ | J93: บึงกาฬ | K93: 45976
A94: 92 | B94: 46006 | C94: A111 | D94: สมปอง | E94: ไทย | H94: รับจ้าง | I94: บึงกาฬ | J94: บึงกาฬ | K94: 45977
A95: 93 | B95: 46006 | C95: N2 | D95: ณัฐภรณ์ | E95: ไทย | H95: รับจ้าง | I95: บึงกาฬ | J95: บึงกาฬ | K95: 45977
A96: 94 | B96: 46006 | C96: B105 | D96: ชัยศักดิ์ | E96: ไทย | F96: 3021452582801 | H96: รับจ้าง | I96: บึงกาฬ | J96: บึงกาฬ | K96: 45977
A97: 95 | B97: 46006 | C97: B106 | D97: ณภัทรอร | E97: ไทย | F97: 8455478872540 | H97: รับจ้าง | I97: บึงกาฬ | J97: บึงกาฬ | K97: 45977
A98: 96 | B98: 46006 | C98: B107 | D98: อาทิตย์ | E98: ไทย | H98: รับจ้าง | I98: บึงกาฬ | J98: บึงกาฬ | K98: 45977
A99: 97 | B99: 46007 | C99: B108 | D99: สุทินันท์ | E99: ไทย | H99: รับจ้าง | I99: บึงกาฬ | J99: บึงกาฬ | K99: 45977
A100: 98 | B100: 46007 | C100: A105 | D100: อภิรักษ์ | E100: ไทย | F100: 2069305590053 | H100: รับจ้าง | I100: บึงกาฬ | J100: บึงกาฬ | K100: 45977
...

Sheet ฟอร์มใบเสร็จรับเงิน-ห้องพัก
B1: =Setting!J7 | E1: ใบเสร็จรับเงิน / ใบกำกับภาษี | I1: =B1 | L1: =E1 -> ใบเสร็จรับเงิน / ใบกำกับภาษี
B2: =Setting!J2 -> บริษัท วิพัฒน์โฮเทล.ดีเวลอปเมนท์ จำกัด | E2: ต้นฉบับ | I2: =B2 -> บริษัท วิพัฒน์โฮเทล.ดีเวลอปเมนท์ จำกัด | L2: สำเนา
D3: เลขที่เอกสาร | E3: VP02101 | K3: เลขที่เอกสาร | L3: =E3 -> VP02101
B4: 426 หมู่ที่9 ตำบลบึงกาฬ อำเภอเมืองบึงกาฬ จังหวัดบึงกาฬ 38000 | D4: วันที่ | E4: =IFERROR(VLOOKUP(TRIM($E$3), '2-2 จองห้อง'!$A:$P, 8, FALSE), "") -> 25197 | I4: =B4 -> 426 หมู่ที่9 ตำบลบึงกาฬ อำเภอเมืองบึงกาฬ จังหวัดบึงกาฬ 38000 | K4: วันที่ | L4: =E4 -> 25197
B5: โทร 080-6254859,042-492641 | I5: =B5 -> โทร 080-6254859,042-492641
B6: เลขประจำตัวผู้เสียภาษีอากร 0-3855-59000-07-5 | I6: =B6 -> เลขประจำตัวผู้เสียภาษีอากร 0-3855-59000-07-5
B8: ชื่อลูกค้า | I8: ชื่อลูกค้า
B9: =IFERROR(VLOOKUP(TRIM($E$3), '2-2 จองห้อง'!$A:$E, 5, FALSE), "") -> ก.ส.ท.ช | I9: =B9 -> ก.ส.ท.ช
B10: {=IFERROR(INDEX('2-1 ลูกค้า'!$D:$D, MATCH(VLOOKUP(TRIM($E$3), '2-2 จองห้อง'!$A:$D, 4, FALSE), '2-1 ลูกค้า'!$H:$H, 0)), "-")} | I10: =B10
B11: =IFERROR(VLOOKUP(TRIM($E$3), '2-2 จองห้อง'!$A:$F, 6, FALSE), "-") | C11: {=IFERROR(INDEX('2-1 ลูกค้า'!$F:$F, MATCH(VLOOKUP(TRIM($E$3), '2-2 จองห้อง'!$A:$D, 4, FALSE), '2-1 ลูกค้า'!$H:$H, 0)), "-")} | I11: =B11
B12: =IFERROR(VLOOKUP(E3, 'ข้อมูลดิบ'!B:F, 4, FALSE), "") | I12: =B12
B13: No. | C13: รายการ | D13: ระยะเวลา | E13: ราคารวม | I13: No. | J13: รายการ | K13: ระยะเวลา | L13: ราคารวม
B14: =IF(C14<>"",1,"") -> 1 | C14: {=IFERROR(LET( booking_id, TRIM($E$3), booking_sheet, '2-2 จองห้อง'!$A:$I, row_index, MATCH(booking_id, '2-2 จองห้อง'!$A:$A, 0), room_no, INDEX('2-2 จองห้อง'!$B:$B, row_index), room_type, INDEX('2-2 จองห้อง'!$E:$E, row_index), check_in, INDEX('2-2 จองห้อง'!$G:$G, row_index), check_out, INDEX('2-2 จองห้อง'!$H:$H, row_index), "ค่าห้องพัก " & room_type & " " & room_no & " (" & TEXT(check_in, "dd/mm/yy") & " - " & TEXT(check_out, "dd/mm/yy") & ")" ), "")} -> ค่าห้องพัก ก.ส.ท.ช B107 (24/12/68 - 25/12/68) | D14: =IFERROR(VLOOKUP(TRIM($E$3), '2-2 จองห้อง'!$A:$J, 9, FALSE) & " คืน", "") -> 1 คืน | E14: =IFERROR(VLOOKUP(TRIM($E$3), '2-2 จองห้อง'!$A:$M, 12, FALSE), 0) -> 400 | I14: =B14 -> 1 | J14: =C14 -> ค่าห้องพัก ก.ส.ท.ช B107 (24/12/68 - 25/12/68) | K14: =D14 -> 1 คืน | L14: =E14 -> 400
I23: =IF(J23<>"",10,"")
I24: =IF(J24<>"",11,"")
D26: รวมเป็นเงิน | E26: =SUM(E14:E25) -> 400 | K26: รวมเป็นเงิน | L26: =SUM(L14:L25) -> 400
D27: ภาษีมูลค่าเพิ่ม 7% | E27: =E26-(E26/1.07) -> 26.168224 | K27: ภาษีมูลค่าเพิ่ม 7% | L27: =L26-(L26/1.07) -> 26.168224
D28: ราคาไม่รวมภาษีมูลค่าเพิ่ม | E28: =E26-E27 -> 373.83178 | K28: ราคาไม่รวมภาษีมูลค่าเพิ่ม | L28: =L26-L27 -> 373.83178
C29: ="("&BAHTTEXT(E29)&")" -> (สี่ร้อยบาทถ้วน) | D29: จำนวนเงินรวมทั้งสิ้น | E29: =E27+E28 -> 400 | J29: =C29 -> (สี่ร้อยบาทถ้วน) | K29: จำนวนเงินรวมทั้งสิ้น | L29: =L27+L28 -> 400
K35: =D36

Sheet Log_Status
A1: 46031.596 | B1: --- กระบวนการถูกยกเลิกด้วยตนเอง ---
A2: 46031.596 | B2: --- กระบวนการเริ่มต้นแล้ว ---
A3: 46031.596 | B3: (1/15) สร้างไฟล์ VP01994.pdf สำเร็จ
A4: 46031.596 | B4: (2/15) สร้างไฟล์ VP02088.pdf สำเร็จ
A5: 46031.596 | B5: (3/15) สร้างไฟล์ VP02089.pdf สำเร็จ
A6: 46031.596 | B6: (4/15) สร้างไฟล์ VP02090.pdf สำเร็จ
A7: 46031.596 | B7: (5/15) สร้างไฟล์ VP02091.pdf สำเร็จ
A8: 46031.596 | B8: (6/15) สร้างไฟล์ VP02092.pdf สำเร็จ
A9: 46031.596 | B9: (7/15) สร้างไฟล์ VP02093.pdf สำเร็จ
A10: 46031.597 | B10: (8/15) สร้างไฟล์ VP02094.pdf สำเร็จ
A11: 46031.597 | B11: (9/15) สร้างไฟล์ VP02095.pdf สำเร็จ
A12: 46031.597 | B12: เจอปัญหา 429 กับไฟล์ VP02096.pdf. กำลังพยายามใหม่ในอีก 2 วินาที...
... A27: 46031.597 | B27: --- กระบวนการถูกยกเลิกด้วยตนเอง ---

Sheet DocList
A1: เลขที่เอกสาร
A2: VP01994
A3: VP02088
A4: VP02089
A5: VP02090
A6: VP02091
A7: VP02092
A8: VP02093
A9: VP02094
A10: VP02095
A11: VP02096
A12: VP02097
... A16: VP02101

Sheet ฟอร์มอบจ_ค่าธรรมเนียม
B1: บัญชีผู้เข้าพักและรายละเอียดในการเรียกเก็บค่าธรรมเนียมบำรุงองค์การบริหารส่วนจังหวัด | H1: แบบ อบจ. รร.6
D3: วันที่ เดือน | E3: มกราคม | F3: พ.ศ | G3: 2569
B4: เจ้าของ/เจ้าสำนักโรงแรม วิพัฒน์โฮเทลดีเวลลอปเม้นท์จำกัด ได้จัดทำรายการของผู้เข้าพักในโรงแรมประจำเดือน..ธันวาคม... พ.ศ... 2568
B5: ยื่นต่อองค์การบริหารส่วนจังหวัดบึงกาฬ | D5: มีข้อความต่อไปนี้
B7: ลำดับ | C7: ชื่อ-สกุล | D7: วันเวลาที่เข้าพัก | E7: รวมจำนวน | F7: ห้องพักราคา | G7: รวมเป็นเงิน | H7: รวมเป็นเงิน | I7: หมายเหตุ
E8: วันเข้าพัก | F8: บาท | G8: ค่าเช่าห้องพัก | H8: ค่าธรรมเนียม
A9: ='ฟอร์มรายงาน อำเภอ'!C3 -> B106 | B9: =ROW()-8 -> 1 | C9: ='ฟอร์มรายงาน อำเภอ'!D3 -> พรทิพย์ | D9: ='ฟอร์มรายงาน อำเภอ'!B3 -> 45992 | E9: ='2-2 จองห้อง'!I214 -> 1 | F9: =VLOOKUP(A9,'1-2 ห้อง'!A:F,5,FALSE) -> 400 | G9: =F9 * E9 -> 400 | H9: =G9 * 1% -> 4 | I9: =""
A10: ='ฟอร์มรายงาน อำเภอ'!C4 -> N2 | B10: =ROW()-8 -> 2 | C10: ='ฟอร์มรายงาน อำเภอ'!D4 -> ชัยศักดิ์ | D10: ='ฟอร์มรายงาน อำเภอ'!B4 -> 45992 | E10: ='2-2 จองห้อง'!I215 -> 1 | F10: =VLOOKUP(A10,'1-2 ห้อง'!A:F,5,FALSE) -> 500 | G10: =F10 * E10 -> 500 | H10: =G10 * 1% -> 5 | I10: =""
A11: ='ฟอร์มรายงาน อำเภอ'!C5 -> B103 | B11: =ROW()-8 -> 3 | C11: ='ฟอร์มรายงาน อำเภอ'!D5 -> พรทิพย์ | D11: ='ฟอร์มรายงาน อำเภอ'!B5 -> 45992 | E11: ='2-2 จองห้อง'!I216 -> 1 | F11: =VLOOKUP(A11,'1-2 ห้อง'!A:F,5,FALSE) -> 400 | G11: =F11 * E11 -> 400 | H11: =G11 * 1% -> 4 | I11: =""
A12: ='ฟอร์มรายงาน อำเภอ'!C6 -> B105 | B12: =ROW()-8 -> 4 | C12: ='ฟอร์มรายงาน อำเภอ'!D6 -> พรทิพย์ | D12: ='ฟอร์มรายงาน อำเภอ'!B6 -> 45992 | E12: ='2-2 จองห้อง'!I217 -> 1 | F12: =VLOOKUP(A12,'1-2 ห้อง'!A:F,5,FALSE) -> 400 | G12: =F12 * E12 -> 400 | H12: =G12 * 1% -> 4 | I12: =""
A13: ='ฟอร์มรายงาน อำเภอ'!C7 -> B107 | B13: =ROW()-8 -> 5 | C13: ='ฟอร์มรายงาน อำเภอ'!D7 -> อาทิตย์ | D13: ='ฟอร์มรายงาน อำเภอ'!B7 -> 45992 | E13: ='2-2 จองห้อง'!I218 -> 1 | F13: =VLOOKUP(A13,'1-2 ห้อง'!A:F,5,FALSE) -> 400 | G13: =F13 * E13 -> 400 | H13: =G13 * 1% -> 4 | I13: =""
A14: ='ฟอร์มรายงาน อำเภอ'!C8 -> N7 | B14: =ROW()-8 -> 6 | C14: ='ฟอร์มรายงาน อำเภอ'!D8 -> จิรัชยา | D14: ='ฟอร์มรายงาน อำเภอ'!B8 -> 45992 | E14: ='2-2 จองห้อง'!I219 -> 1 | F14: =VLOOKUP(A14,'1-2 ห้อง'!A:F,5,FALSE) -> 500 | G14: =F14 * E14 -> 500 | H14: =G14 * 1% -> 5 | I14: =""
A15: ='ฟอร์มรายงาน อำเภอ'!C9 -> B107 | B15: =ROW()-8 -> 7 | C15: ='ฟอร์มรายงาน อำเภอ'!D9 -> คุณน้ำส้ม | D15: ='ฟอร์มรายงาน อำเภอ'!B9 -> 45993 | E15: ='2-2 จองห้อง'!I220 -> 1 | F15: =VLOOKUP(A15,'1-2 ห้อง'!A:F,5,FALSE) -> 400 | G15: =F15 * E15 -> 400 | H15: =G15 * 1% -> 4 | I15: =""
A16: ='ฟอร์มรายงาน อำเภอ'!C10 -> A103 | B16: =ROW()-8 -> 8 | C16: ='ฟอร์มรายงาน อำเภอ'!D10 -> สุจิตรา | D16: ='ฟอร์มรายงาน อำเภอ'!B10 -> 45993 | E16: ='2-2 จองห้อง'!I221 -> 2 | F16: =VLOOKUP(A16,'1-2 ห้อง'!A:F,5,FALSE) -> 400 | G16: =F16 * E16 -> 800 | H16: =G16 * 1% -> 8
A17: ='ฟอร์มรายงาน อำเภอ'!C11 -> B106 | B17: =ROW()-8 -> 9 | C17: ='ฟอร์มรายงาน อำเภอ'!D11 -> พรทิพย์ | D17: ='ฟอร์มรายงาน อำเภอ'!B11 -> 45993 | E17: ='2-2 จองห้อง'!I222 -> 1 | F17: =VLOOKUP(A17,'1-2 ห้อง'!A:F,5,FALSE) -> 400 | G17: =F17 * E17 -> 400 | H17: =G17 * 1% -> 4 | I17: =""
A18: ='ฟอร์มรายงาน อำเภอ'!C12 -> B104 | B18: =ROW()-8 -> 10 | C18: ='ฟอร์มรายงาน อำเภอ'!D12 -> พรทิพย์ | D18: ='ฟอร์มรายงาน อำเภอ'!B12 -> 45993 | E18: ='2-2 จองห้อง'!I223 -> 1 | F18: =VLOOKUP(A18,'1-2 ห้อง'!A:F,5,FALSE) -> 400 | G18: =F18 * E18 -> 400 | H18: =G18 * 1% -> 4 | I18: =""
A19: ='ฟอร์มรายงาน อำเภอ'!C13 -> A105 | B19: =ROW()-8 -> 11 | C19: ='ฟอร์มรายงาน อำเภอ'!D13 -> จิรพัส | D19: ='ฟอร์มรายงาน อำเภอ'!B13 -> 45993 | E19: ='2-2 จองห้อง'!I224 -> 1 | F19: =VLOOKUP(A19,'1-2 ห้อง'!A:F,5,FALSE) -> 400 | G19: =F19 * E19 -> 400 | H19: =G19 * 1% -> 4 | I19: =""
A20: ='ฟอร์มรายงาน อำเภอ'!C14 -> B105 | B20: =ROW()-8 -> 12 | C20: ='ฟอร์มรายงาน อำเภอ'!D14 -> พรทิพย์ | D20: ='ฟอร์มรายงาน อำเภอ'!B14 -> 45993 | E20: ='2-2 จองห้อง'!I225 -> 1 | F20: =VLOOKUP(A20,'1-2 ห้อง'!A:F,5,FALSE) -> 400 | G20: =F20 * E20 -> 400 | H20: =G20 * 1% -> 4 | I20: =""
A21: ='ฟอร์มรายงาน อำเภอ'!C15 -> N6 | B21: =ROW()-8 -> 13 | C21: ='ฟอร์มรายงาน อำเภอ'!D15 -> วราภรณ์ | D21: ='ฟอร์มรายงาน อำเภอ'!B15 -> 45993 | E21: ='2-2 จองห้อง'!I226 -> 1 | F21: =VLOOKUP(A21,'1-2 ห้อง'!A:F,5,FALSE) -> 600 | G21: =F21 * E21 -> 600 | H21: =G21 * 1% -> 6 | I21: =""
A22: ='ฟอร์มรายงาน อำเภอ'!C16 -> B108 | B22: =ROW()-8 -> 14 | C22: ='ฟอร์มรายงาน อำเภอ'!D16 -> วรพจน์ | D22: ='ฟอร์มรายงาน อำเภอ'!B16 -> 45993 | E22: ='2-2 จองห้อง'!I227 -> 1 | F22: =VLOOKUP(A22,'1-2 ห้อง'!A:F,5,FALSE) -> 400 | G22: =F22 * E22 -> 400 | H22: =G22 * 1% -> 4 | I22: =""
A23: ='ฟอร์มรายงาน อำเภอ'!C17 -> B104 | B23: =ROW()-8 -> 15 | C23: ='ฟอร์มรายงาน อำเภอ'!D17 -> พรทิพย์ | D23: ='ฟอร์มรายงาน อำเภอ'!B17 -> 45994 | E23: ='2-2 จองห้อง'!I228 -> 1 | F23: =VLOOKUP(A23,'1-2 ห้อง'!A:F,5,FALSE) -> 400 | G23: =F23 * E23 -> 400 | H23: =G23 * 1% -> 4 | I23: =""
A24: ='ฟอร์มรายงาน อำเภอ'!C18 -> B106 | B24: =ROW()-8 -> 16 | C24: ='ฟอร์มรายงาน อำเภอ'!D18 -> พรทิพย์ | D24: ='ฟอร์มรายงาน อำเภอ'!B18 -> 45994 | E24: ='2-2 จองห้อง'!I229 -> 1 | F24: =VLOOKUP(A24,'1-2 ห้อง'!A:F,5,FALSE) -> 400 | G24: =F24 * E24 -> 400 | H24: =G24 * 1% -> 4 | I24: =""
A25: ='ฟอร์มรายงาน อำเภอ'!C19 -> N7 | B25: =ROW()-8 -> 17 | C25: ='ฟอร์มรายงาน อำเภอ'!D19 -> วรภูมิ | D25: ='ฟอร์มรายงาน อำเภอ'!B19 -> 45994 | E25: ='2-2 จองห้อง'!I230 -> 1 | F25: =VLOOKUP(A25,'1-2 ห้อง'!A:F,5,FALSE) -> 500 | G25: =F25 * E25 -> 500 | H25: =G25 * 1% -> 5 | I25: =""
A26: ='ฟอร์มรายงาน อำเภอ'!C20 -> N7 | B26: =ROW()-8 -> 18 | C26: ='ฟอร์มรายงาน อำเภอ'!D20 -> บุญเกิด | D26: ='ฟอร์มรายงาน อำเภอ'!B20 -> 45994 | E26: ='2-2 จองห้อง'!I231 -> 1 | F26: =VLOOKUP(A26,'1-2 ห้อง'!A:F,5,FALSE) -> 500 | G26: =F26 * E26 -> 500 | H26: =G26 * 1% -> 5 | I26: =""
A27: ='ฟอร์มรายงาน อำเภอ'!C21 -> B105 | B27: =ROW()-8 -> 19 | C27: ='ฟอร์มรายงาน อำเภอ'!D21 -> พรทิพย์ | D27: ='ฟอร์มรายงาน อำเภอ'!B21 -> 45994 | E27: ='2-2 จองห้อง'!I232 -> 1 | F27: =VLOOKUP(A27,'1-2 ห้อง'!A:F,5,FALSE) -> 400 | G27: =F27 * E27 -> 400 | H27: =G27 * 1% -> 4 | I27: =""
A28: ='ฟอร์มรายงาน อำเภอ'!C22 -> B110 | B28: =ROW()-8 -> 20 | C28: ='ฟอร์มรายงาน อำเภอ'!D22 -> อรพร | D28: ='ฟอร์มรายงาน อำเภอ'!B22 -> 45994 | E28: ='2-2 จองห้อง'!I233 -> 1 | F28: =VLOOKUP(A28,'1-2 ห้อง'!A:F,5,FALSE) -> 400 | G28: =F28 * E28 -> 400 | H28: =G28 * 1% -> 4 | I28: =""
... A192: ='ฟอร์มรายงาน อำเภอ'!C186 -> N3 | B192: =ROW()-8 -> 184 | C192: ='ฟอร์มรายงาน อำเภอ'!D186 -> ชัยศักดิ์ | D192: ='ฟอร์มรายงาน อำเภอ'!B186 -> 46018 | E192: ='2-2 จองห้อง'!I397 -> 1 | F192: =VLOOKUP(A192,'1-2 ห้อง'!A:F,5,FALSE) -> 500 | G192: =F192 * E192 -> 500 | H192: =G192 * 1% -> 5 | I192: =""
A193: ='ฟอร์มรายงาน อำเภอ'!C187 -> A101 | B193: =ROW()-8 -> 185 | C193: ='ฟอร์มรายงาน อำเภอ'!D187 -> ริมรดา | D193: ='ฟอร์มรายงาน อำเภอ'!B187 -> 46018 | E193: ='2-2 จองห้อง'!I398 -> 1 | F193: =VLOOKUP(A193,'1-2 ห้อง'!A:F,5,FALSE) -> 400 | G193: =F193 * E193 -> 400 | H193: =G193 * 1% -> 4
A194: ='ฟอร์มรายงาน อำเภอ'!C188 -> A111 | B194: =ROW()-8 -> 186 | C194: ='ฟอร์มรายงาน อำเภอ'!D188 -> สุภาพร | D194: ='ฟอร์มรายงาน อำเภอ'!B188 -> 46019 | E194: ='2-2 จองห้อง'!I399 -> 1 | F194: =VLOOKUP(A194,'1-2 ห้อง'!A:F,5,FALSE) -> 400 | G194: =F194 * E194 -> 400 | H194: =G194 * 1% -> 4
A195: ='ฟอร์มรายงาน อำเภอ'!C189 -> N2 | B195: =ROW()-8 -> 187 | C195: ='ฟอร์มรายงาน อำเภอ'!D189 -> ฐิติภรณ์ | D195: ='ฟอร์มรายงาน อำเภอ'!B189 -> 46019 | E195: ='2-2 จองห้อง'!I400 -> 1 | F195: =VLOOKUP(A195,'1-2 ห้อง'!A:F,5,FALSE) -> 500 | G195: =F195 * E195 -> 500 | H195: =G195 * 1% -> 5
A196: ='ฟอร์มรายงาน อำเภอ'!C190 -> N3 | B196: =ROW()-8 -> 188 | C196: ='ฟอร์มรายงาน อำเภอ'!D190 -> ชัยมงคล | D196: ='ฟอร์มรายงาน อำเภอ'!B190 -> 46019 | E196: ='2-2 จองห้อง'!I401 -> 1 | F196: =VLOOKUP(A196,'1-2 ห้อง'!A:F,5,FALSE) -> 500 | G196: =F196 * E196 -> 500 | H196: =G196 * 1% -> 5
A197: ='ฟอร์มรายงาน อำเภอ'!C191 -> A103 | B197: =ROW()-8 -> 189 | C197: ='ฟอร์มรายงาน อำเภอ'!D191 -> พูนทรัพย์ | D197: ='ฟอร์มรายงาน อำเภอ'!B191 -> 46020 | E197: ='2-2 จองห้อง'!I402 -> 1 | F197: =VLOOKUP(A197,'1-2 ห้อง'!A:F,5,FALSE) -> 400 | G197: =F197 * E197 -> 400 | H197: =G197 * 1% -> 4
A198: ='ฟอร์มรายงาน อำเภอ'!C192 -> A111 | B198: =ROW()-8 -> 190 | C198: ='ฟอร์มรายงาน อำเภอ'!D192 -> ศุภผล | D198: ='ฟอร์มรายงาน อำเภอ'!B192 -> 46020 | E198: ='2-2 จองห้อง'!I403 -> 1 | F198: =VLOOKUP(A198,'1-2 ห้อง'!A:F,5,FALSE) -> 400 | G198: =F198 * E198 -> 400 | H198: =G198 * 1% -> 4
A199: ='ฟอร์มรายงาน อำเภอ'!C193 -> N2 | B199: =ROW()-8 -> 191 | C199: ='ฟอร์มรายงาน อำเภอ'!D193 -> ชัยศักดิ์ | D199: ='ฟอร์มรายงาน อำเภอ'!B193 -> 46020 | E199: ='2-2 จองห้อง'!I404 -> 1 | F199: =VLOOKUP(A199,'1-2 ห้อง'!A:F,5,FALSE) -> 500 | G199: =F199 * E199 -> 500 | H199: =G199 * 1% -> 5
A200: ='ฟอร์มรายงาน อำเภอ'!C194 -> N3 | B200: =ROW()-8 -> 192 | C200: ='ฟอร์มรายงาน อำเภอ'!D194 -> คุณทิว | D200: ='ฟอร์มรายงาน อำเภอ'!B194 -> 46020 | E200: ='2-2 จองห้อง'!I405 -> 1 | F200: =VLOOKUP(A200,'1-2 ห้อง'!A:F,5,FALSE) -> 500 | G200: =F200 * E200 -> 500 | H200: =G200 * 1% -> 5
A201: ='ฟอร์มรายงาน อำเภอ'!C195 -> A105 | B201: =ROW()-8 -> 193 | C201: ='ฟอร์มรายงาน อำเภอ'!D195 -> กฤษ | D201: ='ฟอร์มรายงาน อำเภอ'!B195 -> 46020 | E201: ='2-2 จองห้อง'!I406 -> 1 | F201: =VLOOKUP(A201,'1-2 ห้อง'!A:F,5,FALSE) -> 400 | G201: =F201 * E201 -> 400 | H201: =G201 * 1% -> 4
A202: ='ฟอร์มรายงาน อำเภอ'!C196 -> A111 | B202: =ROW()-8 -> 194 | C202: ='ฟอร์มรายงาน อำเภอ'!D196 -> ภาณุพงศ์ | D202: ='ฟอร์มรายงาน อำเภอ'!B196 -> 46022 | E202: ='2-2 จองห้อง'!I407 -> 1 | F202: =VLOOKUP(A202,'1-2 ห้อง'!A:F,5,FALSE) -> 400 | G202: =F202 * E202 -> 400 | H202: =G202 * 1% -> 4
A203: ='ฟอร์มรายงาน อำเภอ'!C197 -> A104 | B203: =ROW()-8 -> 195 | C203: ='ฟอร์มรายงาน อำเภอ'!D197 -> ธนพงษ์ | D203: ='ฟอร์มรายงาน อำเภอ'!B197 -> 46022 | E203: ='2-2 จองห้อง'!I408 -> 1 | F203: =VLOOKUP(A203,'1-2 ห้อง'!A:F,5,FALSE) -> 400 | G203: =F203 * E203 -> 400 | H203: =G203 * 1% -> 4
A204: ='ฟอร์มรายงาน อำเภอ'!C198 -> A105 | B204: =ROW()-8 -> 196 | C204: ='ฟอร์มรายงาน อำเภอ'!D198 -> ธนพงษ์ | D204: ='ฟอร์มรายงาน อำเภอ'!B198 -> 46022 | E204: ='2-2 จองห้อง'!I409 -> 1 | F204: =VLOOKUP(A204,'1-2 ห้อง'!A:F,5,FALSE) -> 400 | G204: =F204 * E204 -> 400 | H204: =G204 * 1% -> 4
... A213: ='ฟอร์มรายงาน อำเภอ'!C207 -> B109 | B213: =ROW()-8 -> 205 | C213: ='ฟอร์มรายงาน อำเภอ'!D207 -> คำมาตร์ | D213: ='ฟอร์มรายงาน อำเภอ'!B207 -> 46022 | E213: ='2-2 จองห้อง'!I418 -> 1 | F213: =VLOOKUP(A213,'1-2 ห้อง'!A:F,5,FALSE) -> 400 | G213: =F213 * E213 -> 400 | H213: =G213 * 1% -> 4
B214: รวมทั้งสิ้น | C214: ='ฟอร์มรายงาน อำเภอ'!D214 | D214: ='ฟอร์มรายงาน อำเภอ'!B214 | E214: =SUM(E35:E213) -> 186 | F214: =SUM(F9:F213) -> 86400 | G214: =SUM(G9:G213) -> 89900 | H214: =SUM(H9:H213) -> 899
C222: ราคาห้องพัก (บาท) | D222: จำนวนห้อง | E222: รวมเป็นเงิน (บาท) | F222: ค่าธรรมเนียม (บาท)
C223: 400 | D223: 170 | E223: =C223*D223 -> 68000 | F223: =E223 * 1% -> 680
C224: 500 | D224: 39 | E224: =C224*D224 -> 19500 | F224: =E224 * 1% -> 195
C225: 600 | D225: 4 | E225: =C225*D225 -> 2400 | F225: =E225 * 1% -> 24
C226: รวม | E226: =SUM(E223:E225) -> 89900 | F226: =SUM(F223:F225) -> 899

Sheet สมุดบัญชีประจำวัน
A1: วันที่ | B1: ชื่อรายการ | C1: เบอร์โทร | D1: ห้อง | E1: คืน | F1: จ่าย | G1: รับ | H1: รวม | I1: มัดจำสด | J1: หมายเหตุ
H2: 4037 | J2: ยกมา
A3: 25173 | B3: เบิกจ่ายค่าจ้างพนักงาน | C3: - | D3: - | E3: - | F3: 775 | G3: - | H3: =LOOKUP(9.99E+307, $H$1:H2) + N(G3) - N(F3) -> 3262 | J3: -
A4: 25173 | B4: เบิกค่าซื้ออุปกรณ์ล้อมต้นไม้ | C4: - | D4: - | E4: - | F4: 400 | G4: - | H4: 2862 | J4: -
A5: 25173 | B5: เบิกค่าซื้อข้าวเลี้ยงคนงานล้อมต้นไม้ | C5: - | D5: - | E5: - | F5: 150 | G5: - | H5: 2712 | J5: -
A6: 25173 | B6: พรทิพย์ | C6: - | D6: B106 | E6: 1 | F6: - | G6: 400 | H6: 3112 | J6: พักต่อ
A7: 25173 | B7: ชัยศักดิ์ | C7: 089-39229374 | D7: N2 | E7: 1 | F7: - | G7: 500 | H7: 3612 | I7: 200
A8: 25173 | B8: พรทิพย์ | C8: - | D8: B103 | E8: 1 | F8: - | G8: 400 | H8: 4012 | I8: 100
A9: 25173 | B9: พรทิพย์ | C9: - | D9: B105 | E9: 1 | F9: - | G9: 400 | H9: 4412 | J9: พักต่อ
A10: 25173 | B10: อาทิตย์ | C10: 098-6197361 | D10: B107 | E10: 1 | F10: - | G10: 400 | H10: 4812 | I10: 100
A11: 25173 | B11: จิรัชยา | C11: 061-526615218 | D11: N7 | E11: 1 | F11: - | G11: 500 | H11: 5312 | I11: 200
H12: 5312 | J12: ยกมา
A13: 25174 | B13: คุณน้ำส้ม | C13: - | D13: B107 | E13: 1 | F13: - | G13: 400 | H13: 5712 | I13: 100
A14: 25174 | B14: สุจิตรา | C14: - | D14: A103 | E14: 2 | F14: - | G14: 800 | H14: โอนเข้าบัญชี | I14: 100
A15: 25174 | B15: เบิกจ่าย ค่ามือถือคุณวิ | C15: - | D15: - | E15: - | F15: 1020 | G15: - | H15: 4892 | J15: -
A16: 25174 | B16: เบิกจ่าย ค่าขยะประจำเดือน พ.ย. 68 | C16: - | D16: - | E16: - | F16: 500 | G16: - | H16: 4392 | J16: -
A17: 25174 | B17: พรทิพย์ | C17: - | D17: B106 | E17: 1 | F17: - | G17: 400 | H17: 4792 | J17: พักต่อ
A18: 25174 | B18: พรทิพย์ | C18: - | D18: B104 | E18: 1 | F18: - | G18: 400 | H18: 5192 | J18: พักต่อ
A19: 25174 | B19: จิรพัส | C19: 093-5657693 | D19: A105 | E19: 1 | F19: - | G19: 500 | H19: โอนเข้าบัญชี
A20: 25174 | B20: หักค่ามัดจำ | C20: - | D20: A105 | E20: - | F20: 100 | G20: - | H20: 5092
A21: 25174 | B21: พรทิพย์ | C21: - | D21: B105 | E21: 1 | F21: - | G21: 400 | H21: 5492 | J21: พักต่อ
A22: 25174 | B22: วราภรณ์ | C22: 062-1017813 | D22: N6 | E22: 1 | F22: - | G22: 600 | H22: 6092 | I22: 200
A23: 25174 | B23: วรพจน์ | C23: - | D23: B108 | E23: 1 | F23: - | G23: 500 | H23: โอนเข้าบัญชี
A24: 25174 | B24: วรพจน์ (หักค่ามัดจำ) | C24: - | D24: B108 | E24: - | F24: 100 | G24: - | H24: 5992
A25: 25174 | B25: บวกเงินสดเกิน (รายการจ่ายค่าห้อง) | C25: - | E25: - | F25: 200 | H25: 5792 | J25: (B107)
H26: 5792 | J26: ยกมา
A27: 25175 | B27: เบิกจ่ายค่าไฟ รวมทั้งหมด | C27: - | D27: - | E27: - | F27: 3538 | G27: - | H27: 2254
A28: 25175 | B28: เบิกค่าข้าวคนงานล้อมต้นไม้ | C28: - | D28: - | E28: - | F28: 150 | G28: - | H28: 2104
A29: 25175 | B29: พรทิพย์ | C29: - | D29: B104 | E29: 1 | F29: - | G29: 400 | H29: 2504 | J29: พักต่อ
A30: 25175 | B30: พรทิพย์ | C30: - | D30: B106 | E30: 1 | F30: - | G30: 400 | H30: 2904 | J30: พักต่อ
A31: 25175 | B31: วรภูมิ | C31: - | D31: N7 | E31: 1 | F31: - | G31: 500 | H31: 3404
A32: 25175 | B32: บุญเกิด | C32: - | D32: N7 | E32: 1 | F32: - | G32: 500 | H32: 3904 | I32: 200
A33: 25175 | B33: Ascend | C33: - | D33: A104 | E33: 1 | F33: - | G33: 100 | H33: Ascend | J33: โอนมัดจำ
A34: 25175 | B34: Ascend (หักค่ามัดจำ) | C34: - | D34: A104 | E34: - | F34: 100 | G34: - | H34: 3804
A35: 25175 | B35: พรทิพย์ | C35: - | D35: B105 | E35: 1 | F35: - | G35: 400 | H35: 4204 | J35: พักต่อ
A36: 25175 | B36: Ascend | C36: - | D36: A105 | E36: 1 | F36: - | G36: - | H36: Ascend
A37: 25175 | B37: Ascend | C37: - | D37: A102 | E37: 1 | F37: - | G37: - | H37: Ascend
A38: 25175 | B38: อรพร | C38: 062-1017813 | D38: B110 | E38: 1 | F38: - | G38: 400 | H38: 4604 | I38: 100
A39: 25175 | B39: ฟิวส์ | C39: 098-4615352 | D39: A111 | E39: 1 | F39: - | G39: 400 | H39: 5004
A40: 25175 | B40: ฟิวส์ | C40: 098-4615352 | D40: A111 | E40: 1 | F40: - | G40: 100 | H40: โอนเข้าบัญชี
A41: 25175 | B41: ฟิวส์(หักค่ามัดจำ) | C41: - | D41: A111 | E41: - | F41: 100 | G41: - | H41: 4904
A42: 25175 | B42: ทวีศักดิ์ | C42: 082-8389843 | D42: B107 | E42: 1 | F42: - | G42: 400 | H42: 5304
H43: 5304 | J43: ยกมา
A44: 25176 | B44: เบิกค่าน้ำ + ค่าข้าว คนงานล้อมต้นไม้ | D44: - | E44: - | F44: 235 | G44: - | H44: 5069
A45: 25176 | B45: เบิกจ่ายค่าซื้อของแม็คโคร | C45: - | D45: 2535 | E45: - | F45: 2534 | G45: - | H45: =H44-F45 -> 2535
A46: 25176 | B46: ร้านโอทูออโต้ | C46: - | D46: B108 | E46: 1 | F46: - | G46: 500 | H46: โอนเข้าบัญชี | J46: -
A47: 25176 | B47: หักค่ามัดจำ | C47: - | D47: B108 | E47: - | F47: 100 | G47: - | H47: 2434 | J47: -
A48: 25176 | B48: พรทิพย์ | C48: - | D48: B104 | E48: 1 | F48: - | G48: 400 | H48: 2834 | J48: พักต่อ
A49: 25176 | B49: พรทิพย์ | C49: - | D49: B106 | E49: 1 | F49: - | G49: 400 | H49: 3234 | J49: พักต่อ
A50: 25176 | B50: ทวีศักดิ์ | C50: - | D50: B107 | E50: 1 | F50: - | G50: 400 | H50: โอนเข้าบัญชี | J50: พักต่อ
A51: 25176 | B51: สมรัฐ | C51: 062-5468085 | D51: A104 | E51: 1 | F51: - | G51: 400 | H51: 3634 | I51: 100
A52: 25176 | B52: สมรัฐ | C52: 062-5468085 | D52: A105 | E52: 1 | F52: - | G52: 400 | H52: 4034 | I52: 100
A53: 25176 | B53: สมรัฐ | C53: 065-5468085 | D53: A106 | E53: 1 | F53: - | G53: 500 | H53: 4534 | I53: 100
A54: 25176 | B54: พรทิพย์ | C54: - | D54: B105 | E54: 1 | F54: - | G54: 400 | H54: 4934
A55: 25176 | B55: สมรัฐ | C55: 065-5468086 | D55: A103 | E55: 1 | F55: - | G55: 500 | H55: โอนเข้าบัญชี
A56: 25176 | B56: หักค่ามัดจำ | D56: A103 | F56: 100 | H56: 4834
H57: 4834 | J57: ยกมา
A58: 25177 | B58: (เบิกซื้ออุปกรณ์+ค่าซื้อข้าวคนงาน) | C58: - | D58: - | E58: - | F58: 920 | G58: - | H58: 3914
A59: 25177 | B59: ชนกานต์สินธา | C59: - | D59: N7 | E59: 1 | F59: - | G59: 700 | H59: โอนเข้าบัญชี
A60: 25177 | B60: หักมัดจำ | C60: - | D60: N7 | E60: - | F60: 200 | G60: - | H60: 3714 | J60: -
A61: 25177 | B61: พรทิพย์ | C61: - | D61: B106 | E61: 1 | F61: - | G61: 400 | H61: 4114 | J61: พักต่อ
A62: 25177 | B62: พรทิพย์ | C62: - | D62: B104 | E62: 1 | F62: - | G62: 400 | H62: 4514 | J62: พักต่อ
A63: 25177 | B63: พรทิพย์ | C63: - | D63: B105 | E63: 1 | F63: - | G63: 400 | H63: 4914 | J63: พักต่อ
A64: 25177 | B64: สมศักดิ์ | C64: 098-3099374 | D64: N2 | E64: 1 | F64: - | G64: 500 | H64: 5414 | I64: 200
H65: 5414 | J65: ยกมา
A66: 25178 | B66: เบิกซื้อน้ำ + ข้าวคนงาน | C66: - | D66: 210 | E66: - | F66: 5204 | G66: -
A67: 25178 | B67: คุณใหญ่ | C67: 065-224-9516 | D67: N3 | E67: 2 | F67: - | G67: 1200 | H67: โอนเข้าบัญชี | J67: -
A68: 25178 | B68: หักค่ามัดจำ | C68: - | D68: N3 | E68: - | F68: 200 | G68: - | H68: 5004 | J68: -
A69: 25178 | B69: ชานน | C69: 082-0875918 | D69: B110 | E69: 1 | F69: - | G69: 400 | H69: 5404 | I69: 100
A70: 25178 | B70: เมย์ | C70: 080-1805996 | D70: B107 | E70: 1 | F70: - | G70: 400 | H70: 5814 | I70: 100
A71: 25178 | B71: ภานุพงษ์ | C71: 082-9160269 | D71: A105 | E71: 1 | F71: - | G71: 400 | H71: 6214 | I71: 100
H72: 6214 | J72: ยกมา
A73: 25179 | B73: เบิกซื้อของโกลบอลเฮ้าส์ | C73: - | D73: - | E73: - | F73: 655 | G73: - | H73: 5559
A74: 25179 | B74: เบิกค่าข้าว + ค่าน้ำมัน | C74: - | D74: - | E74: - | F74: 310 | G74: - | H74: 5249
A75: 25179 | B75: เบิกจ่ายค่าแรงช่างเตี้ย | C75: - | D75: - | E75: - | F75: 300 | G75: - | H75: 4949
A76: 25179 | B76: เจนนรงค์ | C76: - | D76: B106 | E76: 1 | F76: - | G76: 400 | H76: 5349 | I76: 100
A77: 25179 | B77: วิญญู | C77: - | D77: B109 | E77: 1 | F77: - | G77: 500 | H77: โอนเข้าบัญชี | J77: -
A78: 25179 | B78: หักค่ามัดจำ | C78: - | D78: - | E78: - | F78: 100 | G78: - | H78: 5249 | J78: -
A79: 25179 | B79: วันดี | C79: 096-5541201 | D79: B107 | E79: 1 | F79: - | G79: 500 | H79: โอนเข้าบัญชี
A80: 25179 | B80: หักค่ามัดจำ | D80: B107 | E80: - | F80: 100 | G80: - | H80: 5149
A81: 25179 | B81: อาทิตย์ | C81: 087-6197361 | D81: B108 | E81: 1 | F81: - | G81: 400 | H81: 5549 | I81: 100
A82: 25179 | B82: ชัยศักดิ์ | C82: - | D82: N2 | E82: 1 | F82: - | G82: 500 | H82: 6049 | I82: 200
H83: 6049 | J83: ยกมา
A84: 25180 | B84: เจนรงณ์ | C84: - | D84: B106 | E84: 1 | F84: - | G84: 400 | H84: 6449 | J84: พักต่อ
A85: 25180 | B85: เบิกจ่ายค่าทำบัญชี พ.ย.68 | C85: - | D85: - | E85: - | F85: 4800 | G85: - | H85: 1649
A86: 25180 | B86: เบิกซื้ออุปกรณ์ซ่อมท่อน้ำ | C86: - | D86: - | E86: - | F86: 120 | G86: - | H86: 1529
A87: 25180 | B87: พัชราภา | C87: 98991703 | D87: B105 | E87: 1 | F87: - | G87: 500 | H87: โอนเข้าบัญชี | J87: -
A88: 25180 | B88: หักมัดจำ | C88: - | D88: B105 | E88: - | F88: 100 | G88: - | H88: 1429 | J88: -
A89: 25180 | B89: ศิริรัช ต่างชาติ | C89: 096-098-4381 | D89: N2 | E89: 1 | F89: - | G89: 500 | H89: 1929 | I89: 200
A90: 25180 | B90: มนะศักดิ์ | C90: - | D90: N7 | F90: - | G90: 700 | H90: โอนเข้าบัญชี
A91: 25180 | B91: หักค่ามัดจำ | D91: N7 | E91: - | F91: 200 | G91: - | H91: 1729
A92: 25180 | B92: ธิดารัตน์ | C92: 062-3306474 | D92: B107 | E92: 1 | F92: - | G92: 500 | H92: โอนเข้าบัญชี
A93: 25180 | B93: หักค่ามัดจำ | D93: B107 | E93: - | F93: 100 | G93: - | H93: 1629
H94: 1629 | J94: ยกมา
A95: 25180 | B95: ชัยศักดิ์ | C95: - | D95: N3 | E95: 1 | F95: - | G95: 700 | H95: โอนเข้าบัญชี
A96: 25180 | B96: หักค่ามัดจำ | D96: N3 | E96: - | F96: 200 | G96: - | H96: 1429
A97: 25180 | B97: ดวงฤทัย | C97: - | D97: B101 | E97: 1 | F97: - | G97: 400 | H97: 1829 | I97: 100
A98: 25180 | B98: ทิว | C98: - | D98: N4 | E98: 1 | F98: - | G98: 600 | H98: 2429 | J98: ไม่มีมัดจำ
A99: 25180 | B99: ณัฐพนธ์ | C99: 088-9525307 | D99: B108 | E99: 1 | F99: - | G99: 400 | H99: 2829 | I99: 100
A100: 25180 | B100: คม | C100: 064-5287045 | D100: B104 | E100: 1 | F100: - | G100: 400 | H100: 3229 | I100: 100
...
