Workbook

Sheet Instructions
A1: คำแนะนำการใช้งานระบบการจัดการโรงแรม
A4: 1. Dashboard - แสดงภาพรวมสำคัญ (KPI)
A5: • จำนวนห้องว่าง: นับห้องที่มีสถานะ 'ว่าง'
A6: • จำนวนห้องไม่ว่าง: นับห้องที่มีสถานะ 'ไม่ว่าง'
A7: • อัตราการใช้ห้อง: คำนวณจากห้องไม่ว่าง / ห้องทั้งหมด × 100
A8: • รายได้รวม: รวมราคาจากการจองที่สำเร็จ
A9: • ค่าใช้จ่ายรวม: รวมค่าใช้จ่ายทั้งหมด
A10: • กำไรสุทธิ: รายได้ - ค่าใช้จ่าย
A12: 2. Master_Data - ข้อมูลอ้างอิง
A13: • ประเภทการชำระเงิน: บัตรเครดิต, โอนเงิน, เงินสด, เช็ค
A14: • ประเภทค่าใช้จ่าย: ค่าน้ำ, ค่าไฟ, ค่าอาหาร, ค่าซ่อมแซม, ค่าเดินทาง, ค่าโฆษณา
A16: 3. 02_Room_Master - ประเภทห้องและราคา
... A52: • ตรวจสอบข้อมูลก่อนบันทึก เพื่อให้แน่ใจว่าถูกต้อง

Sheet Master_Data
A1: ประเภทการชำระเงิน | D1: ประเภทค่าใช้จ่าย
A3: โอนเงิน | D3: ค่าน้ำ
A4: เงินสด | D4: ค่าไฟ
D5: ค่าอาหาร
D6: ค่าซ่อมแซม
D7: ค่าเดินทาง
D8: ค่าโฆษณา

Sheet Dashboard
A1: แดชบอร์ด - ภาพรวมการจัดการโรงแรม
A3: ตัวชี้วัดสำคัญ (KPI)
A4: จำนวนห้องว่าง | B4: =IFERROR(COUNTIF('03_Rooms'!D:D,"ว่าง"),0) -> 4
A5: จำนวนห้องไม่ว่าง | B5: =IFERROR(COUNTIF('03_Rooms'!D:D,"ไม่ว่าง"),0) -> 3
A6: อัตราการใช้ห้อง (%) | B6: =IFERROR(IF(COUNTA('03_Rooms'!A4:A100)=0,0,(COUNTA('03_Rooms'!A4:A100)-COUNTIF('03_Rooms'!D:D,"ว่าง"))/COUNTA('03_Rooms'!A4:A100)*100),0) -> 50
A7: รายได้รวมเดือนนี้ | B7: =IFERROR(SUMIF('04_Reservations'!I:I,"สำเร็จ",'04_Reservations'!H:H),0) -> 0
A8: ค่าใช้จ่ายรวมเดือนนี้ | B8: =IFERROR(SUM('06_Expenses'!C:C),0) -> 26000
A9: กำไรสุทธิ | B9: =B7-B8 -> -26000

Sheet 01_Hotel_Info
A1: ข้อมูลพื้นฐานโรงแรม
A3: ชื่อโรงแรม | B3: โรงแรมสมบูรณ์ (Complete Hotel)
A4: ที่อยู่ | B4: 123 ถนนสุขุมวิท เขตวัฒนา กรุงเทพฯ 10110
A5: เบอร์โทรศัพท์ | B5: 02-123-4567
A6: อีเมล | B6: info@completehotel.com
A7: เว็บไซต์ | B7: www.completehotel.com
A8: ผู้จัดการ | B8: นายสมศักดิ์ สมบูรณ์
A9: ชั้นวุฒิ | B9: ผู้บริหารโรงแรม

Sheet 02_Room_Master
A1: ประเภทห้องพัก
A3: ประเภทห้อง | B3: จำนวนห้อง | C3: ราคาต่อคืน (บาท)
A4: เตียง เดี่ยว | B4: 10 | C4: 400
A5: เตียง คู่ | B5: 15 | C5: 500

Sheet 03_Rooms
A1: ข้อมูลห้องพัก
A3: รหัสห้อง | B3: ประเภทห้อง | C3: ราคาต่อคืน | D3: สถานะ | E3: หมายเหตุ
A4: 101 | B4: 1 เตียง | C4: =VLOOKUP(B4,'02_Room_Master'!A:C,3,FALSE) -> #N/A | D4: ว่าง
A5: 102 | B5: 1 เตียง | C5: =VLOOKUP(B5,'02_Room_Master'!A:C,3,FALSE) -> #N/A | D5: ไม่ว่าง | E5: จองแล้ว
A6: 103 | B6: 2 เตียง | C6: =VLOOKUP(B6,'02_Room_Master'!A:C,3,FALSE) -> #N/A | D6: ว่าง
A7: 104 | B7: 2 เตียง | C7: =VLOOKUP(B7,'02_Room_Master'!A:C,3,FALSE) -> #N/A | D7: ไม่ว่าง | E7: จองแล้ว
A8: 201 | B8: 2 เตียง | C8: =VLOOKUP(B8,'02_Room_Master'!A:C,3,FALSE) -> #N/A | D8: ซ่อมแซม | E8: ซ่อมแอร์
A9: 202 | B9: 3 เตียง | C9: =VLOOKUP(B9,'02_Room_Master'!A:C,3,FALSE) -> #N/A | D9: ว่าง
A10: 203 | B10: 3 เตียง | C10: =VLOOKUP(B10,'02_Room_Master'!A:C,3,FALSE) -> #N/A | D10: ไม่ว่าง | E10: จองแล้ว
A11: 301 | B11: 1 เตียง | C11: =VLOOKUP(B11,'02_Room_Master'!A:C,3,FALSE) -> #N/A | D11: ว่าง

Sheet 04_Reservations
A1: ข้อมูลการจองห้อง
A3: รหัสจอง | B3: ชื่อผู้จอง | C3: วันเข้า | D3: วันออก | E3: ประเภทห้อง | F3: จำนวนคืน | G3: ราคา/คืน | H3: ราคารวม | I3: สถานะ | J3: ประเภทชำระ
A4: RES001 | B4: นายสมชาย | C4: 2024-01-15 | D4: 2024-01-17 | E4: 2 เตียง | F4: =D4-C4 -> 2 | G4: =VLOOKUP(E4,'02_Room_Master'!A:C,3,FALSE) -> #N/A | H4: =IF(F4>0,F4*G4,0) -> #N/A | I4: สำเร็จ | J4: โอนบัญชี
A5: RES002 | B5: นางสาวสมหญิง | C5: 2024-01-16 | D5: 2024-01-18 | E5: 1 เตียง | F5: =D5-C5 -> 2 | G5: =VLOOKUP(E5,'02_Room_Master'!A:C,3,FALSE) -> #N/A | H5: =IF(F5>0,F5*G5,0) -> #N/A | I5: รอการยืนยัน | J5: โอนเงิน
A6: RES003 | B6: นายสมศรษฐ์ | C6: 2024-01-17 | D6: 2024-01-20 | E6: 3 เตียง | F6: =D6-C6 -> 3 | G6: =VLOOKUP(E6,'02_Room_Master'!A:C,3,FALSE) -> #N/A | H6: =IF(F6>0,F6*G6,0) -> #N/A | I6: สำเร็จ | J6: เงินสด

Sheet 05_Staff
A1: ข้อมูลพนักงาน
A3: รหัสพนักงาน | B3: ชื่อพนักงาน | C3: ตำแหน่ง | D3: แผนก | E3: เงินเดือน | F3: วันเริ่มงาน
A4: STF001 | B4: นายสมศักดิ์ | C4: ผู้จัดการ | D4: บริหาร | E4: 50000 | F4: 2020-01-15
A5: STF002 | B5: นางสาวสมหญิง | C5: พนักงานต้อนรับ | D5: การขาย | E5: 20000 | F5: 2021-06-01
A6: STF003 | B6: นายสมบัติ | C6: พนักงานทำความสะอาด | D6: บ้านเรือน | E6: 15000 | F6: 2022-03-10

Sheet 06_Expenses
A1: ข้อมูลค่าใช้จ่าย
A3: วันที่ | B3: ประเภท | C3: จำนวนเงิน | D3: ผู้รับผิดชอบ | E3: หมายเหตุ
A4: 2024-01-15 | B4: ค่าน้ำ | C4: 5000 | D4: สมชาย | E4: ค่าน้ำประปา
A5: 2024-01-15 | B5: ค่าไฟ | C5: 8000 | D5: สมชาย | E5: ค่าไฟฟ้า
A6: 2024-01-16 | B6: ค่าอาหาร | C6: 3000 | D6: สมหญิง | E6: อาหารพนักงาน
A7: 2024-01-16 | B7: ค่าซ่อมแซม | C7: 2500 | D7: สมบัติ | E7: ซ่อมแอร์ห้อง 201
A8: 2024-01-17 | B8: ค่าไฟ | C8: 7500 | D8: สมชาย | E8: ค่าไฟฟ้า

Sheet 07_Revenue
A1: รายงานรายได้
A3: วันที่ | B3: รายได้จากห้อง | C3: ค่าใช้จ่าย | D3: กำไรสุทธิ
A4: 2024-01-15 | B4: =SUMIFS('04_Reservations'!H:H,'04_Reservations'!I:I,"สำเร็จ",'04_Reservations'!C:C,A4) -> #N/A | C4: =SUMIF('06_Expenses'!A:A,A4,'06_Expenses'!C:C) -> 13000 | D4: =B4-C4 -> #N/A
A5: 2024-01-16 | B5: =SUMIFS('04_Reservations'!H:H,'04_Reservations'!I:I,"สำเร็จ",'04_Reservations'!C:C,A5) -> 0 | C5: =SUMIF('06_Expenses'!A:A,A5,'06_Expenses'!C:C) -> 5500 | D5: =B5-C5 -> -5500
A6: 2024-01-17 | B6: =SUMIFS('04_Reservations'!H:H,'04_Reservations'!I:I,"สำเร็จ",'04_Reservations'!C:C,A6) -> #N/A | C6: =SUMIF('06_Expenses'!A:A,A6,'06_Expenses'!C:C) -> 7500 | D6: =B6-C6 -> #N/A

Sheet Analysis
A1: วิเคราะห์ประเภทห้อง
A3: ประเภทห้อง | B3: จำนวนห้องทั้งหมด | C3: จำนวนห้องว่าง | D3: อัตราการใช้ (%)
A4: 1 เตียง | B4: =COUNTIF('03_Rooms'!B:B,"1 เตียง") -> 3 | C4: =COUNTIFS('03_Rooms'!B:B,"1 เตียง",'03_Rooms'!D:D,"ว่าง") -> 2 | D4: =IFERROR(IF(B4=0,0,C4/B4*100),0) -> 66.666667
A5: 2 เตียง | B5: =COUNTIF('03_Rooms'!B:B,"2 เตียง") -> 3 | C5: =COUNTIFS('03_Rooms'!B:B,"2 เตียง",'03_Rooms'!D:D,"ว่าง") -> 1 | D5: =IFERROR(IF(B5=0,0,C5/B5*100),0) -> 33.333333
A6: 3 เตียง | B6: =COUNTIF('03_Rooms'!B:B,"3 เตียง") -> 2 | C6: =COUNTIFS('03_Rooms'!B:B,"3 เตียง",'03_Rooms'!D:D,"ว่าง") -> 1 | D6: =IFERROR(IF(B6=0,0,C6/B6*100),0) -> 50
A9: วิเคราะห์รายได้ตามประเภทการชำระเงิน | D9: วิเคราะห์ค่าใช้จ่ายตามประเภท
A11: บัตรเครดิต | B11: =SUMIFS('04_Reservations'!H:H,'04_Reservations'!J:J,"บัตรเครดิต",'04_Reservations'!I:I,"สำเร็จ") -> 0 | D11: ค่าน้ำ | E11: =SUMIF('06_Expenses'!B:B,"ค่าน้ำ",'06_Expenses'!C:C) -> 5000
A12: โอนเงิน | B12: =SUMIFS('04_Reservations'!H:H,'04_Reservations'!J:J,"โอนเงิน",'04_Reservations'!I:I,"สำเร็จ") -> 0 | D12: ค่าไฟ | E12: =SUMIF('06_Expenses'!B:B,"ค่าไฟ",'06_Expenses'!C:C) -> 15500
A13: เงินสด | B13: =SUMIFS('04_Reservations'!H:H,'04_Reservations'!J:J,"เงินสด",'04_Reservations'!I:I,"สำเร็จ") -> #N/A | D13: ค่าอาหาร | E13: =SUMIF('06_Expenses'!B:B,"ค่าอาหาร",'06_Expenses'!C:C) -> 3000
D14: ค่าซ่อมแซม | E14: =SUMIF('06_Expenses'!B:B,"ค่าซ่อมแซม",'06_Expenses'!C:C) -> 2500

Sheet 08_Reports
A1: รายงานสรุป
A3: สรุปข้อมูล
A4: จำนวนห้องทั้งหมด | B4: =COUNTA('03_Rooms'!A4:A100) -> 8
A5: จำนวนห้องว่าง | B5: =COUNTIF('03_Rooms'!D:D,"ว่าง") -> 4
A6: จำนวนห้องไม่ว่าง | B6: =COUNTIF('03_Rooms'!D:D,"ไม่ว่าง") -> 3
A7: จำนวนห้องซ่อมแซม | B7: =COUNTIF('03_Rooms'!D:D,"ซ่อมแซม") -> 1
A8: อัตราการใช้ห้อง (%) | B8: =IFERROR(IF(B4=0,0,(B5)/B4*100),0) -> 50
A9: จำนวนการจองทั้งหมด | B9: =COUNTA('04_Reservations'!A4:A100) -> 3
A10: จำนวนการจองสำเร็จ | B10: =COUNTIF('04_Reservations'!I:I,"สำเร็จ") -> 2
A11: จำนวนการจองรอยืนยัน | B11: =COUNTIF('04_Reservations'!I:I,"รอการยืนยัน") -> 1
A12: จำนวนพนักงาน | B12: =COUNTA('05_Staff'!A4:A100) -> 3
A13: รวมเงินเดือนทั้งหมด | B13: =SUM('05_Staff'!E4:E100) -> 85000
A14: เงินเดือนเฉลี่ย | B14: =IFERROR(B19/B18,0) -> 0
A15: รวมรายได้ทั้งหมด | B15: =SUMIF('04_Reservations'!I:I,"สำเร็จ",'04_Reservations'!H:H) -> #N/A
A16: รวมค่าใช้จ่ายทั้งหมด | B16: =SUM('06_Expenses'!C:C) -> 26000
A17: กำไรสุทธิ | B17: =B21-B22 -> 0
A18: อัตรากำไร (%) | B18: =IFERROR(IF(B21=0,0,B23/B21*100),0) -> 0
