Workbook

Sheet DB-โรงแรม - Sheet1.csv
A1: ห้อง | B1: ตึก | C1: ชั้น | D1: ประเภทห้อง | E1: ชื่อลูกค้า | F1: calculated_status
A2: A101 | B2: A | C2: 1 | D2: Standard | F2: ✅ ว่าง
A3: A102 | B3: A | C3: 1 | D3: Standard | F3: ✅ ว่าง
A4: A103 | B4: A | C4: 1 | D4: Standard | F4: ✅ ว่าง
A5: A104 | B5: A | C5: 1 | D5: Standard | E5: สุจิตรา ธรรมเจริญ | F5: 🛌 มีแขก
A6: A105 | B6: A | C6: 1 | D6: Standard | F6: ✅ ว่าง
A7: A106 | B7: A | C7: 1 | D7: Standard Twin | F7: ✅ ว่าง
A8: A107 | B8: A | C8: 1 | D8: Standard Twin | F8: ✅ ว่าง
A9: A108 | B9: A | C9: 1 | D9: Standard Twin | F9: ✅ ว่าง
A10: A109 | B10: A | C10: 1 | D10: Standard Twin | F10: ✅ ว่าง
A11: A110 | B11: A | C11: 1 | D11: Standard Twin | F11: ✅ ว่าง
A12: A111 | B12: A | C12: 1 | D12: Standard | F12: ✅ ว่าง
A13: A201 | B13: A | C13: 2 | D13: Standard | F13: ✅ ว่าง
A14: A202 | B14: A | C14: 2 | D14: Standard | F14: ✅ ว่าง
A15: A203 | B15: A | C15: 2 | D15: Standard | F15: ✅ ว่าง
A16: A204 | B16: A | C16: 2 | D16: Standard | F16: ✅ ว่าง
A17: A205 | B17: A | C17: 2 | D17: Standard | F17: ✅ ว่าง
... A52: N7 | B52: N | C52: 1 | D52: Standard | F52: ✅ ว่าง

Sheet 📊 Dashboard
A1: สรุปข้อมูล | B1: จำนวนห้อง | C1: อัตราการเข้าพัก | D1: รายได้รายวัน | E1: รายได้รายเดือน | F1: สถานะห้องว่าง | G1: การจองวันนี้ | H1: แขกที่เช็คอิน | I1: แขกที่เช็คเอาท์
A2: สรุปข้อมูลระบบ Nov 23, 2025 | B2: 50 | C2: 0.85 | D2: =SUMIF('📋 ฟอร์มการจอง'!A:A,TODAY(),'📋 ฟอร์มการจอง'!J:J) -> 0 | E2: =SUMIF('📋 ฟอร์มการจอง'!A:A,">="&EOMONTH(TODAY(),-1)+1,'📋 ฟอร์มการจอง'!J:J) -> 0 | F2: =COUNTIF('🏨 ติดตามสถานะห้อง'!C:C,"ว่าง") -> 1 | G2: =COUNTIF('📋 ฟอร์มการจอง'!E:E,TODAY()) -> 0 | H2: =COUNTIF('🏨 ติดตามสถานะห้อง'!D:D,TODAY()) -> 0 | I2: =COUNTIF('🏨 ติดตามสถานะห้อง'!E:E,TODAY()) -> 0
A3: สถิติระบบ: พร้อมใช้งาน! | B3: =COUNTA('🏨 ติดตามสถานะห้อง'!A2:A100) -> 1 | C3: =ROUND((COUNTIF('🏨 ติดตามสถานะห้อง'!C2:C100,"มีแขก")/COUNTA('🏨 ติดตามสถานะห้อง'!A2:A100))*100,1)&"%" -> 0% | D3: =SUM('📋 ฟอร์มการจอง'!J2:J101) -> 7500 | E3: =AVERAGE('📋 ฟอร์มการจอง'!J2:J101) -> 2500 | F3: =COUNTIFS('🏨 ติดตามสถานะห้อง'!C2:C100,"ว่าง") -> 1 | G3: =COUNTIFS('📋 ฟอร์มการจอง'!E2:E101,TODAY()) -> 0 | H3: =COUNTIFS('🏨 ติดตามสถานะห้อง'!D2:D100,TODAY()) -> 0 | I3: =COUNTIFS('🏨 ติดตามสถานะห้อง'!E2:E100,TODAY()) -> 0
A4: สถิติระบบ: พร้อมใช้งาน! | B4: =COUNTA('🏨 ติดตามสถานะห้อง'!A2:A100) -> 1 | C4: =ROUND((COUNTIF('🏨 ติดตามสถานะห้อง'!C2:C100,"มีแขก")/COUNTA('🏨 ติดตามสถานะห้อง'!A2:A100))*100,1)&"%" -> 0% | D4: =SUM('📋 ฟอร์มการจอง'!J2:J101) -> 7500 | E4: =AVERAGE('📋 ฟอร์มการจอง'!J2:J101) -> 2500 | F4: =COUNTIFS('🏨 ติดตามสถานะห้อง'!C2:C100,"ว่าง") -> 1 | G4: =COUNTIFS('📋 ฟอร์มการจอง'!E2:E101,TODAY()) -> 0 | H4: =COUNTIFS('🏨 ติดตามสถานะห้อง'!D2:D100,TODAY()) -> 0 | I4: =COUNTIFS('🏨 ติดตามสถานะห้อง'!E2:E100,TODAY()) -> 0

Sheet 📋 ฟอร์มการจอง
A1: วันที่จอง | B1: ชื่อลูกค้า | C1: เบอร์โทร | D1: อีเมล | E1: วันเข้าพัก | F1: วันออก | G1: ประเภทห้อง | H1: เลขที่ห้อง | I1: จำนวนผู้เข้าพัก | J1: ราคารวม | K1: สถานะ
A2: Nov 23, 2025 | B2: คุณลูกค้าตัวอย่าง | C2: 081-234-5678 | D2: customer@example.com | E2: Nov 23, 2025 | G2: ห้องดีลักซ์ | H2: 101 | I2: 2 | J2: 2500 | K2: ยืนยัน
A3: Nov 23, 2025 | B3: คุณสมชาย ใจดี | C3: 081-123-4567 | D3: customer@hotel-example.com | E3: Nov 23, 2025 | F3: =DATE(2025,11,23)+3 -> 45987 | G3: ห้องดีลักซ์ | H3: 101 | I3: 2 | J3: =IF(G2="ห้องดีลักซ์",2500,IF(G2="ห้องสแตนดาร์ด",1800,2000)) -> 2500 | K3: ยืนยันแล้ว
A4: Nov 23, 2025 | B4: คุณสมชาย ใจดี | C4: 081-123-4567 | D4: customer@hotel-example.com | E4: Nov 23, 2025 | F4: =DATE(2025,11,23)+3 -> 45987 | G4: ห้องดีลักซ์ | H4: 101 | I4: 2 | J4: =IF(G2="ห้องดีลักซ์",2500,IF(G2="ห้องสแตนดาร์ด",1800,2000)) -> 2500 | K4: ยืนยันแล้ว

Sheet 🏨 ติดตามสถานะห้อง
A1: เลขที่ห้อง | B1: ประเภทห้อง | C1: สถานะปัจจุบัน | D1: วันที่เข้าพัก | E1: วันที่ออก | F1: ชื่อแขก | G1: ประวัติการทำความสะอาด | H1: การบำรุงรักษา | I1: หมายเหตุ
A2: 101 | B2: ห้องดีลักซ์ | C2: ว่าง | G2: ทำความสะอาดเสร็จ Nov 23, 2025 | H2: พร้อมรับแขก | I2: ระบบพร้อมใช้งาน
