Workbook

Sheet แดชบอร์ด
A1: เลือกปี | B1: 2025 | D1: รายรับ | I1: ค่าใช้จ่าย | N1: สรุปปี
A2: เลือกเดือน | B2: 6
A3: โปรเจค | E3: 🟢 รายรับรวมประจำเดือน | F3: =SUM(G16:G28) -> 20150 | J3: 🔺 รายจ่ายรวมประจำเดือน | K3: =SUM(L16:L28) -> 11950
A6: 💰 รายรับรวม | B6: =F3 -> 20150
A7: 💸​ รายจ่ายรวม | B7: =K3 -> 11950
A8: คงเหลือ | B8: =B6-B7 -> 8200
A11: รายรับทั้งปี | B11: =IFERROR(__xludf.DUMMYFUNCTION("IFERROR(SUM(FILTER('การทำธุรกรรม'!E:E,YEAR('การทำธุรกรรม'!A:A)=B1,'การทำธุรกรรม'!F:F=B3,'การทำธุรกรรม'!B:B=""รายรับ"")),""-"")"),39830.0) -> 39830
A12: รายจ่ายทั้งปี | B12: =IFERROR(__xludf.DUMMYFUNCTION("IFERROR(SUM(FILTER('การทำธุรกรรม'!E:E,YEAR('การทำธุรกรรม'!A:A)=B1,'การทำธุรกรรม'!F:F=B3,'การทำธุรกรรม'!B:B=""รายจ่าย"")),""-"")"),21920.0) -> 21920
A13: คงเหลือ | B13: =IFERROR(B11-B12,"-") -> 17910
D15: =IFERROR(__xludf.DUMMYFUNCTION("IF(B3<>"""",QUERY('การทำธุรกรรม'!A:F,""SELECT A,C,D,E WHERE B = 'รายรับ' AND A >= date '""&TEXT(DATE(B1,B2,1),""yyyy-mm-dd"")&""'AND A <= date '""&TEXT(EOMONTH(DATE(B1,B2,1),0),""yyyy-mm-dd"")&""' AND F='""&B3&""'"",1),QUERY('การทำธุรกรรม'!A:F,""SELECT A,"&"C,D,E WHERE B = 'รายรับ' AND A >= date '""&TEXT(DATE(B1,B2,1),""yyyy-mm-dd"")&""'AND A <= date '""&TEXT(EOMONTH(DATE(B1,B2,1),0),""yyyy-mm-dd"")&""'"",1))"),"วันที่") -> วันที่ | E15: =IFERROR(__xludf.DUMMYFUNCTION("""COMPUTED_VALUE"""),"รายการ") -> รายการ | F15: =IFERROR(__xludf.DUMMYFUNCTION("""COMPUTED_VALUE"""),"หมวดหมู่") -> หมวดหมู่ | G15: =IFERROR(__xludf.DUMMYFUNCTION("""COMPUTED_VALUE"""),"จำนวนเงิน") -> จำนวนเงิน | I15: =IFERROR(__xludf.DUMMYFUNCTION("ArrayFormula(IF(B3<>"""",QUERY('การทำธุรกรรม'!A:F,""SELECT A,C,D,E WHERE B = 'รายจ่าย' AND A >= date '""&TEXT(DATE(B1,B2,1),""yyyy-mm-dd"")&""'AND A <= date '""&TEXT(EOMONTH(DATE(B1,B2,1),0),""yyyy-mm-dd"")&""' AND F='""&B3&""'"",1),QUERY('การทำธุรกรรม'!A"&":F,""SELECT A,C,D,E WHERE B = 'รายจ่าย' AND A >= date '""&TEXT(DATE(B1,B2,1),""yyyy-mm-dd"")&""'AND A <= date '""&TEXT(EOMONTH(DATE(B1,B2,1),0),""yyyy-mm-dd"")&""'"",1)))"),"วันที่") -> วันที่ | J15: =IFERROR(__xludf.DUMMYFUNCTION("""COMPUTED_VALUE"""),"รายการ") -> รายการ | K15: =IFERROR(__xludf.DUMMYFUNCTION("""COMPUTED_VALUE"""),"หมวดหมู่") -> หมวดหมู่ | L15: =IFERROR(__xludf.DUMMYFUNCTION("""COMPUTED_VALUE"""),"จำนวนเงิน") -> จำนวนเงิน | N15: ลำดับ | O15: เดือนที่ | P15: รายรับ | Q15: รายจ่าย | R15: คงเหลือ | S15: คงเหลือสะสม
D16: =IFERROR(__xludf.DUMMYFUNCTION("""COMPUTED_VALUE"""),45809.0) -> 45809 | E16: =IFERROR(__xludf.DUMMYFUNCTION("""COMPUTED_VALUE"""),"เงินเดือน") -> เงินเดือน | F16: =IFERROR(__xludf.DUMMYFUNCTION("""COMPUTED_VALUE"""),"เงินเดือนหลัก") -> เงินเดือนหลัก | G16: =IFERROR(__xludf.DUMMYFUNCTION("""COMPUTED_VALUE"""),10000.0) -> 10000 | I16: =IFERROR(__xludf.DUMMYFUNCTION("""COMPUTED_VALUE"""),45811.0) -> 45811 | J16: =IFERROR(__xludf.DUMMYFUNCTION("""COMPUTED_VALUE"""),"ตัดผม") -> ตัดผม | K16: =IFERROR(__xludf.DUMMYFUNCTION("""COMPUTED_VALUE"""),"สุขภาพ") -> สุขภาพ | L16: =IFERROR(__xludf.DUMMYFUNCTION("""COMPUTED_VALUE"""),120.0) -> 120 | N16: 1 | O16: มกราคม | P16: =IFERROR(__xludf.DUMMYFUNCTION("IF($B$3<>"""",IFERROR(SUM(FILTER('การทำธุรกรรม'!$E:$E,YEAR('การทำธุรกรรม'!$A:$A)=$B$1,'การทำธุรกรรม'!$F:$F=$B$3,'การทำธุรกรรม'!$B:$B=P$15,MONTH('การทำธุรกรรม'!$A:$A)=$N16),0)),IFERROR(SUM(FILTER('การทำธุรกรรม'!$E:$E,YEAR('การทำธุรกรรม'!$A:$A)=$B$1,'การทำธ"&"ุรกรรม'!$B:$B=P$15,MONTH('การทำธุรกรรม'!$A:$A)=$N16),0)))"),"") | Q16: =IFERROR(__xludf.DUMMYFUNCTION("IF($B$3<>"""",IFERROR(SUM(FILTER('การทำธุรกรรม'!$E:$E,YEAR('การทำธุรกรรม'!$A:$A)=$B$1,'การทำธุรกรรม'!$F:$F=$B$3,'การทำธุรกรรม'!$B:$B=Q$15,MONTH('การทำธุรกรรม'!$A:$A)=$N16),0)),IFERROR(SUM(FILTER('การทำธุรกรรม'!$E:$E,YEAR('การทำธุรกรรม'!$A:$A)=$B$1,'การทำธ"&"ุรกรรม'!$B:$B=Q$15,MONTH('การทำธุรกรรม'!$A:$A)=$N16),0)))"),"") | R16: =P16-Q16 -> 0 | S16: =R16 -> 0
D17: =IFERROR(__xludf.DUMMYFUNCTION("""COMPUTED_VALUE"""),45811.0) -> 45811 | E17: =IFERROR(__xludf.DUMMYFUNCTION("""COMPUTED_VALUE"""),"โบนัส") -> โบนัส | F17: =IFERROR(__xludf.DUMMYFUNCTION("""COMPUTED_VALUE"""),"เงินเดือนหลัก") -> เงินเดือนหลัก | G17: =IFERROR(__xludf.DUMMYFUNCTION("""COMPUTED_VALUE"""),2000.0) -> 2000 | I17: =IFERROR(__xludf.DUMMYFUNCTION("""COMPUTED_VALUE"""),45823.0) -> 45823 | J17: =IFERROR(__xludf.DUMMYFUNCTION("""COMPUTED_VALUE"""),"ซื้อเสื้อ") -> ซื้อเสื้อ | K17: =IFERROR(__xludf.DUMMYFUNCTION("""COMPUTED_VALUE"""),"วัตถุดิบ") -> วัตถุดิบ | L17: =IFERROR(__xludf.DUMMYFUNCTION("""COMPUTED_VALUE"""),1500.0) -> 1500 | N17: 2 | O17: กุมภาพันธ์ | P17: =IFERROR(__xludf.DUMMYFUNCTION("IF($B$3<>"""",IFERROR(SUM(FILTER('การทำธุรกรรม'!$E:$E,YEAR('การทำธุรกรรม'!$A:$A)=$B$1,'การทำธุรกรรม'!$F:$F=$B$3,'การทำธุรกรรม'!$B:$B=P$15,MONTH('การทำธุรกรรม'!$A:$A)=$N17),0)),IFERROR(SUM(FILTER('การทำธุรกรรม'!$E:$E,YEAR('การทำธุรกรรม'!$A:$A)=$B$1,'การทำธ"&"ุรกรรม'!$B:$B=P$15,MONTH('การทำธุรกรรม'!$A:$A)=$N17),0)))"),"") | Q17: =IFERROR(__xludf.DUMMYFUNCTION("IF($B$3<>"""",IFERROR(SUM(FILTER('การทำธุรกรรม'!$E:$E,YEAR('การทำธุรกรรม'!$A:$A)=$B$1,'การทำธุรกรรม'!$F:$F=$B$3,'การทำธุรกรรม'!$B:$B=Q$15,MONTH('การทำธุรกรรม'!$A:$A)=$N17),0)),IFERROR(SUM(FILTER('การทำธุรกรรม'!$E:$E,YEAR('การทำธุรกรรม'!$A:$A)=$B$1,'การทำธ"&"ุรกรรม'!$B:$B=Q$15,MONTH('การทำธุรกรรม'!$A:$A)=$N17),0)))"),"") | R17: =P17-Q17 -> 0 | S17: =R17+S16 -> 0
D18: =IFERROR(__xludf.DUMMYFUNCTION("""COMPUTED_VALUE"""),45813.0) -> 45813 | E18: =IFERROR(__xludf.DUMMYFUNCTION("""COMPUTED_VALUE"""),"โบนัส") -> โบนัส | F18: =IFERROR(__xludf.DUMMYFUNCTION("""COMPUTED_VALUE"""),"Affiliate") -> Affiliate | G18: =IFERROR(__xludf.DUMMYFUNCTION("""COMPUTED_VALUE"""),150.0) -> 150 | I18: =IFERROR(__xludf.DUMMYFUNCTION("""COMPUTED_VALUE"""),45824.0) -> 45824 | K18: =IFERROR(__xludf.DUMMYFUNCTION("""COMPUTED_VALUE"""),"ค่าขนส่ง") -> ค่าขนส่ง | L18: =IFERROR(__xludf.DUMMYFUNCTION("""COMPUTED_VALUE"""),500.0) -> 500 | N18: 3 | O18: มีนาคม | P18: =IFERROR(__xludf.DUMMYFUNCTION("IF($B$3<>"""",IFERROR(SUM(FILTER('การทำธุรกรรม'!$E:$E,YEAR('การทำธุรกรรม'!$A:$A)=$B$1,'การทำธุรกรรม'!$F:$F=$B$3,'การทำธุรกรรม'!$B:$B=P$15,MONTH('การทำธุรกรรม'!$A:$A)=$N18),0)),IFERROR(SUM(FILTER('การทำธุรกรรม'!$E:$E,YEAR('การทำธุรกรรม'!$A:$A)=$B$1,'การทำธ"&"ุรกรรม'!$B:$B=P$15,MONTH('การทำธุรกรรม'!$A:$A)=$N18),0)))"),"") | Q18: =IFERROR(__xludf.DUMMYFUNCTION("IF($B$3<>"""",IFERROR(SUM(FILTER('การทำธุรกรรม'!$E:$E,YEAR('การทำธุรกรรม'!$A:$A)=$B$1,'การทำธุรกรรม'!$F:$F=$B$3,'การทำธุรกรรม'!$B:$B=Q$15,MONTH('การทำธุรกรรม'!$A:$A)=$N18),0)),IFERROR(SUM(FILTER('การทำธุรกรรม'!$E:$E,YEAR('การทำธุรกรรม'!$A:$A)=$B$1,'การทำธ"&"ุรกรรม'!$B:$B=Q$15,MONTH('การทำธุรกรรม'!$A:$A)=$N18),0)))"),"") | R18: =P18-Q18 -> 0 | S18: =R18+S17 -> 0
D19: =IFERROR(__xludf.DUMMYFUNCTION("""COMPUTED_VALUE"""),45823.0) -> 45823 | F19: =IFERROR(__xludf.DUMMYFUNCTION("""COMPUTED_VALUE"""),"มัดจำงาน") -> มัดจำงาน | G19: =IFERROR(__xludf.DUMMYFUNCTION("""COMPUTED_VALUE"""),3800.0) -> 3800 | I19: =IFERROR(__xludf.DUMMYFUNCTION("""COMPUTED_VALUE"""),45825.0) -> 45825 | K19: =IFERROR(__xludf.DUMMYFUNCTION("""COMPUTED_VALUE"""),"ค่าเดินทาง") -> ค่าเดินทาง | L19: =IFERROR(__xludf.DUMMYFUNCTION("""COMPUTED_VALUE"""),250.0) -> 250 | N19: 4 | O19: เมษายน | P19: =IFERROR(__xludf.DUMMYFUNCTION("IF($B$3<>"""",IFERROR(SUM(FILTER('การทำธุรกรรม'!$E:$E,YEAR('การทำธุรกรรม'!$A:$A)=$B$1,'การทำธุรกรรม'!$F:$F=$B$3,'การทำธุรกรรม'!$B:$B=P$15,MONTH('การทำธุรกรรม'!$A:$A)=$N19),0)),IFERROR(SUM(FILTER('การทำธุรกรรม'!$E:$E,YEAR('การทำธุรกรรม'!$A:$A)=$B$1,'การทำธ"&"ุรกรรม'!$B:$B=P$15,MONTH('การทำธุรกรรม'!$A:$A)=$N19),0)))"),"") | Q19: =IFERROR(__xludf.DUMMYFUNCTION("IF($B$3<>"""",IFERROR(SUM(FILTER('การทำธุรกรรม'!$E:$E,YEAR('การทำธุรกรรม'!$A:$A)=$B$1,'การทำธุรกรรม'!$F:$F=$B$3,'การทำธุรกรรม'!$B:$B=Q$15,MONTH('การทำธุรกรรม'!$A:$A)=$N19),0)),IFERROR(SUM(FILTER('การทำธุรกรรม'!$E:$E,YEAR('การทำธุรกรรม'!$A:$A)=$B$1,'การทำธ"&"ุรกรรม'!$B:$B=Q$15,MONTH('การทำธุรกรรม'!$A:$A)=$N19),0)))"),"") | R19: =P19-Q19 -> 0 | S19: =R19+S18 -> 0
D20: =IFERROR(__xludf.DUMMYFUNCTION("""COMPUTED_VALUE"""),45828.0) -> 45828 | E20: =IFERROR(__xludf.DUMMYFUNCTION("""COMPUTED_VALUE"""),"เงิน Youtube") -> เงิน Youtube | F20: =IFERROR(__xludf.DUMMYFUNCTION("""COMPUTED_VALUE"""),"เงินจาก Youtube") -> เงินจาก Youtube | G20: =IFERROR(__xludf.DUMMYFUNCTION("""COMPUTED_VALUE"""),4000.0) -> 4000 | I20: =IFERROR(__xludf.DUMMYFUNCTION("""COMPUTED_VALUE"""),45834.0) -> 45834 | K20: =IFERROR(__xludf.DUMMYFUNCTION("""COMPUTED_VALUE"""),"ค่าอาหาร") -> ค่าอาหาร | L20: =IFERROR(__xludf.DUMMYFUNCTION("""COMPUTED_VALUE"""),4000.0) -> 4000 | N20: 5 | O20: พฤษภาคม | P20: =IFERROR(__xludf.DUMMYFUNCTION("IF($B$3<>"""",IFERROR(SUM(FILTER('การทำธุรกรรม'!$E:$E,YEAR('การทำธุรกรรม'!$A:$A)=$B$1,'การทำธุรกรรม'!$F:$F=$B$3,'การทำธุรกรรม'!$B:$B=P$15,MONTH('การทำธุรกรรม'!$A:$A)=$N20),0)),IFERROR(SUM(FILTER('การทำธุรกรรม'!$E:$E,YEAR('การทำธุรกรรม'!$A:$A)=$B$1,'การทำธ"&"ุรกรรม'!$B:$B=P$15,MONTH('การทำธุรกรรม'!$A:$A)=$N20),0)))"),"") | Q20: =IFERROR(__xludf.DUMMYFUNCTION("IF($B$3<>"""",IFERROR(SUM(FILTER('การทำธุรกรรม'!$E:$E,YEAR('การทำธุรกรรม'!$A:$A)=$B$1,'การทำธุรกรรม'!$F:$F=$B$3,'การทำธุรกรรม'!$B:$B=Q$15,MONTH('การทำธุรกรรม'!$A:$A)=$N20),0)),IFERROR(SUM(FILTER('การทำธุรกรรม'!$E:$E,YEAR('การทำธุรกรรม'!$A:$A)=$B$1,'การทำธ"&"ุรกรรม'!$B:$B=Q$15,MONTH('การทำธุรกรรม'!$A:$A)=$N20),0)))"),"") | R20: =P20-Q20 -> 0 | S20: =R20+S19 -> 0
D21: =IFERROR(__xludf.DUMMYFUNCTION("""COMPUTED_VALUE"""),45828.0) -> 45828 | F21: =IFERROR(__xludf.DUMMYFUNCTION("""COMPUTED_VALUE"""),"ดอกเบี้ย") -> ดอกเบี้ย | G21: =IFERROR(__xludf.DUMMYFUNCTION("""COMPUTED_VALUE"""),200.0) -> 200 | I21: =IFERROR(__xludf.DUMMYFUNCTION("""COMPUTED_VALUE"""),45835.0) -> 45835 | K21: =IFERROR(__xludf.DUMMYFUNCTION("""COMPUTED_VALUE"""),"ค่าเช่า") -> ค่าเช่า | L21: =IFERROR(__xludf.DUMMYFUNCTION("""COMPUTED_VALUE"""),2500.0) -> 2500 | N21: 6 | O21: มิถุนายน | P21: =IFERROR(__xludf.DUMMYFUNCTION("IF($B$3<>"""",IFERROR(SUM(FILTER('การทำธุรกรรม'!$E:$E,YEAR('การทำธุรกรรม'!$A:$A)=$B$1,'การทำธุรกรรม'!$F:$F=$B$3,'การทำธุรกรรม'!$B:$B=P$15,MONTH('การทำธุรกรรม'!$A:$A)=$N21),0)),IFERROR(SUM(FILTER('การทำธุรกรรม'!$E:$E,YEAR('การทำธุรกรรม'!$A:$A)=$B$1,'การทำธ"&"ุรกรรม'!$B:$B=P$15,MONTH('การทำธุรกรรม'!$A:$A)=$N21),0)))"),20150.0) -> 20150 | Q21: =IFERROR(__xludf.DUMMYFUNCTION("IF($B$3<>"""",IFERROR(SUM(FILTER('การทำธุรกรรม'!$E:$E,YEAR('การทำธุรกรรม'!$A:$A)=$B$1,'การทำธุรกรรม'!$F:$F=$B$3,'การทำธุรกรรม'!$B:$B=Q$15,MONTH('การทำธุรกรรม'!$A:$A)=$N21),0)),IFERROR(SUM(FILTER('การทำธุรกรรม'!$E:$E,YEAR('การทำธุรกรรม'!$A:$A)=$B$1,'การทำธ"&"ุรกรรม'!$B:$B=Q$15,MONTH('การทำธุรกรรม'!$A:$A)=$N21),0)))"),11950.0) -> 11950 | R21: =P21-Q21 -> 8200 | S21: =R21+S20 -> 8200
I22: =IFERROR(__xludf.DUMMYFUNCTION("""COMPUTED_VALUE"""),45838.0) -> 45838 | J22: =IFERROR(__xludf.DUMMYFUNCTION("""COMPUTED_VALUE"""),"ซื้อหวย") -> ซื้อหวย | K22: =IFERROR(__xludf.DUMMYFUNCTION("""COMPUTED_VALUE"""),"บันเทิง") -> บันเทิง | L22: =IFERROR(__xludf.DUMMYFUNCTION("""COMPUTED_VALUE"""),300.0) -> 300 | N22: 7 | O22: กรกฎาคม | P22: =IFERROR(__xludf.DUMMYFUNCTION("IF($B$3<>"""",IFERROR(SUM(FILTER('การทำธุรกรรม'!$E:$E,YEAR('การทำธุรกรรม'!$A:$A)=$B$1,'การทำธุรกรรม'!$F:$F=$B$3,'การทำธุรกรรม'!$B:$B=P$15,MONTH('การทำธุรกรรม'!$A:$A)=$N22),0)),IFERROR(SUM(FILTER('การทำธุรกรรม'!$E:$E,YEAR('การทำธุรกรรม'!$A:$A)=$B$1,'การทำธ"&"ุรกรรม'!$B:$B=P$15,MONTH('การทำธุรกรรม'!$A:$A)=$N22),0)))"),23480.0) -> 23480 | Q22: =IFERROR(__xludf.DUMMYFUNCTION("IF($B$3<>"""",IFERROR(SUM(FILTER('การทำธุรกรรม'!$E:$E,YEAR('การทำธุรกรรม'!$A:$A)=$B$1,'การทำธุรกรรม'!$F:$F=$B$3,'การทำธุรกรรม'!$B:$B=Q$15,MONTH('การทำธุรกรรม'!$A:$A)=$N22),0)),IFERROR(SUM(FILTER('การทำธุรกรรม'!$E:$E,YEAR('การทำธุรกรรม'!$A:$A)=$B$1,'การทำธ"&"ุรกรรม'!$B:$B=Q$15,MONTH('การทำธุรกรรม'!$A:$A)=$N22),0)))"),12220.0) -> 12220 | R22: =P22-Q22 -> 11260 | S22: =R22+S21 -> 19460
I23: =IFERROR(__xludf.DUMMYFUNCTION("""COMPUTED_VALUE"""),45838.0) -> 45838 | J23: =IFERROR(__xludf.DUMMYFUNCTION("""COMPUTED_VALUE"""),"ค่าเรียนพิเศษ") -> ค่าเรียนพิเศษ | K23: =IFERROR(__xludf.DUMMYFUNCTION("""COMPUTED_VALUE"""),"เกี่ยวกับลูก") -> เกี่ยวกับลูก | L23: =IFERROR(__xludf.DUMMYFUNCTION("""COMPUTED_VALUE"""),2000.0) -> 2000 | N23: 8 | O23: สิงหาคม | P23: =IFERROR(__xludf.DUMMYFUNCTION("IF($B$3<>"""",IFERROR(SUM(FILTER('การทำธุรกรรม'!$E:$E,YEAR('การทำธุรกรรม'!$A:$A)=$B$1,'การทำธุรกรรม'!$F:$F=$B$3,'การทำธุรกรรม'!$B:$B=P$15,MONTH('การทำธุรกรรม'!$A:$A)=$N23),0)),IFERROR(SUM(FILTER('การทำธุรกรรม'!$E:$E,YEAR('การทำธุรกรรม'!$A:$A)=$B$1,'การทำธ"&"ุรกรรม'!$B:$B=P$15,MONTH('การทำธุรกรรม'!$A:$A)=$N23),0)))"),"") | Q23: =IFERROR(__xludf.DUMMYFUNCTION("IF($B$3<>"""",IFERROR(SUM(FILTER('การทำธุรกรรม'!$E:$E,YEAR('การทำธุรกรรม'!$A:$A)=$B$1,'การทำธุรกรรม'!$F:$F=$B$3,'การทำธุรกรรม'!$B:$B=Q$15,MONTH('การทำธุรกรรม'!$A:$A)=$N23),0)),IFERROR(SUM(FILTER('การทำธุรกรรม'!$E:$E,YEAR('การทำธุรกรรม'!$A:$A)=$B$1,'การทำธ"&"ุรกรรม'!$B:$B=Q$15,MONTH('การทำธุรกรรม'!$A:$A)=$N23),0)))"),"") | R23: =P23-Q23 -> 0 | S23: =R23+S22 -> 19460
I24: =IFERROR(__xludf.DUMMYFUNCTION("""COMPUTED_VALUE"""),45838.0) -> 45838 | J24: =IFERROR(__xludf.DUMMYFUNCTION("""COMPUTED_VALUE"""),"ซื้อของใช้ในบ้าน") -> ซื้อของใช้ในบ้าน | K24: =IFERROR(__xludf.DUMMYFUNCTION("""COMPUTED_VALUE"""),"เกี่ยวกับครอบครัว") -> เกี่ยวกับครอบครัว | L24: =IFERROR(__xludf.DUMMYFUNCTION("""COMPUTED_VALUE"""),580.0) -> 580 | N24: 9 | O24: กันยายน | P24: =IFERROR(__xludf.DUMMYFUNCTION("IF($B$3<>"""",IFERROR(SUM(FILTER('การทำธุรกรรม'!$E:$E,YEAR('การทำธุรกรรม'!$A:$A)=$B$1,'การทำธุรกรรม'!$F:$F=$B$3,'การทำธุรกรรม'!$B:$B=P$15,MONTH('การทำธุรกรรม'!$A:$A)=$N24),0)),IFERROR(SUM(FILTER('การทำธุรกรรม'!$E:$E,YEAR('การทำธุรกรรม'!$A:$A)=$B$1,'การทำธ"&"ุรกรรม'!$B:$B=P$15,MONTH('การทำธุรกรรม'!$A:$A)=$N24),0)))"),"") | Q24: =IFERROR(__xludf.DUMMYFUNCTION("IF($B$3<>"""",IFERROR(SUM(FILTER('การทำธุรกรรม'!$E:$E,YEAR('การทำธุรกรรม'!$A:$A)=$B$1,'การทำธุรกรรม'!$F:$F=$B$3,'การทำธุรกรรม'!$B:$B=Q$15,MONTH('การทำธุรกรรม'!$A:$A)=$N24),0)),IFERROR(SUM(FILTER('การทำธุรกรรม'!$E:$E,YEAR('การทำธุรกรรม'!$A:$A)=$B$1,'การทำธ"&"ุรกรรม'!$B:$B=Q$15,MONTH('การทำธุรกรรม'!$A:$A)=$N24),0)))"),"") | R24: =P24-Q24 -> 0 | S24: =R24+S23 -> 19460
I25: =IFERROR(__xludf.DUMMYFUNCTION("""COMPUTED_VALUE"""),45838.0) -> 45838 | J25: =IFERROR(__xludf.DUMMYFUNCTION("""COMPUTED_VALUE"""),"ทอดผ้าป่า") -> ทอดผ้าป่า | K25: =IFERROR(__xludf.DUMMYFUNCTION("""COMPUTED_VALUE"""),"ทำบุญ") -> ทำบุญ | L25: =IFERROR(__xludf.DUMMYFUNCTION("""COMPUTED_VALUE"""),200.0) -> 200 | N25: 10 | O25: ตุลาคม | P25: =IFERROR(__xludf.DUMMYFUNCTION("IF($B$3<>"""",IFERROR(SUM(FILTER('การทำธุรกรรม'!$E:$E,YEAR('การทำธุรกรรม'!$A:$A)=$B$1,'การทำธุรกรรม'!$F:$F=$B$3,'การทำธุรกรรม'!$B:$B=P$15,MONTH('การทำธุรกรรม'!$A:$A)=$N25),0)),IFERROR(SUM(FILTER('การทำธุรกรรม'!$E:$E,YEAR('การทำธุรกรรม'!$A:$A)=$B$1,'การทำธ"&"ุรกรรม'!$B:$B=P$15,MONTH('การทำธุรกรรม'!$A:$A)=$N25),0)))"),"") | Q25: =IFERROR(__xludf.DUMMYFUNCTION("IF($B$3<>"""",IFERROR(SUM(FILTER('การทำธุรกรรม'!$E:$E,YEAR('การทำธุรกรรม'!$A:$A)=$B$1,'การทำธุรกรรม'!$F:$F=$B$3,'การทำธุรกรรม'!$B:$B=Q$15,MONTH('การทำธุรกรรม'!$A:$A)=$N25),0)),IFERROR(SUM(FILTER('การทำธุรกรรม'!$E:$E,YEAR('การทำธุรกรรม'!$A:$A)=$B$1,'การทำธ"&"ุรกรรม'!$B:$B=Q$15,MONTH('การทำธุรกรรม'!$A:$A)=$N25),0)))"),"") | R25: =P25-Q25 -> 0 | S25: =R25+S24 -> 19460
N26: 11 | O26: พฤศจิกายน | P26: =IFERROR(__xludf.DUMMYFUNCTION("IF($B$3<>"""",IFERROR(SUM(FILTER('การทำธุรกรรม'!$E:$E,YEAR('การทำธุรกรรม'!$A:$A)=$B$1,'การทำธุรกรรม'!$F:$F=$B$3,'การทำธุรกรรม'!$B:$B=P$15,MONTH('การทำธุรกรรม'!$A:$A)=$N26),0)),IFERROR(SUM(FILTER('การทำธุรกรรม'!$E:$E,YEAR('การทำธุรกรรม'!$A:$A)=$B$1,'การทำธ"&"ุรกรรม'!$B:$B=P$15,MONTH('การทำธุรกรรม'!$A:$A)=$N26),0)))"),"") | Q26: =IFERROR(__xludf.DUMMYFUNCTION("IF($B$3<>"""",IFERROR(SUM(FILTER('การทำธุรกรรม'!$E:$E,YEAR('การทำธุรกรรม'!$A:$A)=$B$1,'การทำธุรกรรม'!$F:$F=$B$3,'การทำธุรกรรม'!$B:$B=Q$15,MONTH('การทำธุรกรรม'!$A:$A)=$N26),0)),IFERROR(SUM(FILTER('การทำธุรกรรม'!$E:$E,YEAR('การทำธุรกรรม'!$A:$A)=$B$1,'การทำธ"&"ุรกรรม'!$B:$B=Q$15,MONTH('การทำธุรกรรม'!$A:$A)=$N26),0)))"),"") | R26: =P26-Q26 -> 0 | S26: =R26+S25 -> 19460
N27: 12 | O27: ธันวาคม | P27: =IFERROR(__xludf.DUMMYFUNCTION("IF($B$3<>"""",IFERROR(SUM(FILTER('การทำธุรกรรม'!$E:$E,YEAR('การทำธุรกรรม'!$A:$A)=$B$1,'การทำธุรกรรม'!$F:$F=$B$3,'การทำธุรกรรม'!$B:$B=P$15,MONTH('การทำธุรกรรม'!$A:$A)=$N27),0)),IFERROR(SUM(FILTER('การทำธุรกรรม'!$E:$E,YEAR('การทำธุรกรรม'!$A:$A)=$B$1,'การทำธ"&"ุรกรรม'!$B:$B=P$15,MONTH('การทำธุรกรรม'!$A:$A)=$N27),0)))"),"") | Q27: =IFERROR(__xludf.DUMMYFUNCTION("IF($B$3<>"""",IFERROR(SUM(FILTER('การทำธุรกรรม'!$E:$E,YEAR('การทำธุรกรรม'!$A:$A)=$B$1,'การทำธุรกรรม'!$F:$F=$B$3,'การทำธุรกรรม'!$B:$B=Q$15,MONTH('การทำธุรกรรม'!$A:$A)=$N27),0)),IFERROR(SUM(FILTER('การทำธุรกรรม'!$E:$E,YEAR('การทำธุรกรรม'!$A:$A)=$B$1,'การทำธ"&"ุรกรรม'!$B:$B=Q$15,MONTH('การทำธุรกรรม'!$A:$A)=$N27),0)))"),"") | R27: =P27-Q27 -> 0 | S27: =R27+S26 -> 19460
O28: รวมทั้งปี | P28: =SUM(P16:P27) -> 43630 | Q28: =SUM(Q16:Q27) -> 24170 | R28: =SUM(R16:R27) -> 19460

Sheet การทำธุรกรรม
A1: วันที่ | B1: ประเภท | C1: รายการ | D1: หมวดหมู่ | E1: จำนวนเงิน | F1: โครงการ
A2: 45809 | B2: รายรับ | C2: เงินเดือน | D2: เงินเดือนหลัก | E2: 10000
A3: 45811 | B3: รายจ่าย | C3: ตัดผม | D3: สุขภาพ | E3: 120
A4: 45811 | B4: รายรับ | C4: โบนัส | D4: เงินเดือนหลัก | E4: 2000
A5: 45813 | B5: รายรับ | C5: โบนัส | D5: Affiliate | E5: 150
A6: 45823 | B6: รายรับ | D6: มัดจำงาน | E6: 3800 | F6: งานพี่เอ
A7: 45823 | B7: รายจ่าย | C7: ซื้อเสื้อ | D7: วัตถุดิบ | E7: 1500 | F7: งานพี่เอ
A8: 45824 | B8: รายจ่าย | D8: ค่าขนส่ง | E8: 500 | F8: งานพี่เอ
A9: 45825 | B9: รายจ่าย | D9: ค่าเดินทาง | E9: 250 | F9: งานพี่เอ
A10: 45828 | B10: รายรับ | C10: เงิน Youtube | D10: เงินจาก Youtube | E10: 4000
A11: 45828 | B11: รายรับ | D11: ดอกเบี้ย | E11: 200
A12: 45834 | B12: รายจ่าย | D12: ค่าอาหาร | E12: 4000
A13: 45835 | B13: รายจ่าย | D13: ค่าเช่า | E13: 2500
A14: 45838 | B14: รายจ่าย | C14: ซื้อหวย | D14: บันเทิง | E14: 300
A15: 45838 | B15: รายจ่าย | C15: ค่าเรียนพิเศษ | D15: เกี่ยวกับลูก | E15: 2000
A16: 45838 | B16: รายจ่าย | C16: ซื้อของใช้ในบ้าน | D16: เกี่ยวกับครอบครัว | E16: 580
A17: 45838 | B17: รายจ่าย | C17: ทอดผ้าป่า | D17: ทำบุญ | E17: 200
A18: 45839 | B18: รายรับ | C18: เงินเดือน | D18: เงินเดือนหลัก | E18: 10000
A19: 45841.292 | B19: รายรับ | C19: เงินเดือนประจำ | D19: เงินเดือนหลัก | E19: 9000
A20: 45846 | B20: รายรับ | C20: โบนัส | D20: Affiliate | E20: 120
A21: 45848 | B21: รายรับ | C21: เงิน Youtube | D21: เงินจาก Youtube | E21: 3800
A22: 45850 | B22: รายจ่าย | D22: ค่าอาหาร | E22: 3870
A23: 45851 | B23: รายจ่าย | D23: ค่าเช่า | E23: 2500
A24: 45852 | B24: รายจ่าย | C24: ซื้อหวย | D24: บันเทิง | E24: 350
A25: 45853 | B25: รายจ่าย | C25: ค่าเรียนพิเศษ | D25: เกี่ยวกับลูก | E25: 2000
A26: 45854 | B26: รายจ่าย | C26: ซื้อของใช้ในบ้าน | D26: เกี่ยวกับครอบครัว | E26: 1000
A27: 45855 | B27: รายจ่าย | C27: ฟิตเนส | D27: สุขภาพ | E27: 2500
A28: 45846.292 | B28: รายรับ | C28: รับจ้างทั่วไป | D28: เงินเดือนหลัก | E28: 560

Sheet หมวดหมู่
A1: CategoryName | B1: Type

Sheet โครงการ
A1: ProjectName | B1: รวมรายรับ | C1: รวมรายจ่าย | D1: กำไร/ขาดทุน
A2: โปรเจกต์ A | B2: =IF(A2<>"",SUMIFS('การทำธุรกรรม'!E:E,'การทำธุรกรรม'!F:F,A2,'การทำธุรกรรม'!B:B,"รายรับ"),) -> 0 | C2: =IF(A2<>"",SUMIFS('การทำธุรกรรม'!E:E,'การทำธุรกรรม'!F:F,A2,'การทำธุรกรรม'!B:B,"รายจ่าย"),) -> 0 | D2: =IF(A2<>"",B2-C2,) -> 0
A3: โปรเจกต์ B | B3: =IF(A3<>"",SUMIFS('การทำธุรกรรม'!E:E,'การทำธุรกรรม'!F:F,A3,'การทำธุรกรรม'!B:B,"รายรับ"),) -> 0 | C3: =IF(A3<>"",SUMIFS('การทำธุรกรรม'!E:E,'การทำธุรกรรม'!F:F,A3,'การทำธุรกรรม'!B:B,"รายจ่าย"),) -> 0 | D3: =IF(A3<>"",B3-C3,) -> 0
A4: โปรเจกต์ C | B4: =IF(A4<>"",SUMIFS('การทำธุรกรรม'!E:E,'การทำธุรกรรม'!F:F,A4,'การทำธุรกรรม'!B:B,"รายรับ"),) -> 0 | C4: =IF(A4<>"",SUMIFS('การทำธุรกรรม'!E:E,'การทำธุรกรรม'!F:F,A4,'การทำธุรกรรม'!B:B,"รายจ่าย"),) -> 0 | D4: =IF(A4<>"",B4-C4,) -> 0
A5: งานพี่เอ | B5: =IF(A5<>"",SUMIFS('การทำธุรกรรม'!E:E,'การทำธุรกรรม'!F:F,A5,'การทำธุรกรรม'!B:B,"รายรับ"),) -> 3800 | C5: =IF(A5<>"",SUMIFS('การทำธุรกรรม'!E:E,'การทำธุรกรรม'!F:F,A5,'การทำธุรกรรม'!B:B,"รายจ่าย"),) -> 2250 | D5: =IF(A5<>"",B5-C5,) -> 1550
B6: =IF(A6<>"",SUMIFS('การทำธุรกรรม'!E:E,'การทำธุรกรรม'!F:F,A6,'การทำธุรกรรม'!B:B,"รายรับ"),) | C6: =IF(A6<>"",SUMIFS('การทำธุรกรรม'!E:E,'การทำธุรกรรม'!F:F,A6,'การทำธุรกรรม'!B:B,"รายจ่าย"),) | D6: =IF(A6<>"",B6-C6,)
B7: =IF(A7<>"",SUMIFS('การทำธุรกรรม'!E:E,'การทำธุรกรรม'!F:F,A7,'การทำธุรกรรม'!B:B,"รายรับ"),) | C7: =IF(A7<>"",SUMIFS('การทำธุรกรรม'!E:E,'การทำธุรกรรม'!F:F,A7,'การทำธุรกรรม'!B:B,"รายจ่าย"),) | D7: =IF(A7<>"",B7-C7,)
B8: =IF(A8<>"",SUMIFS('การทำธุรกรรม'!E:E,'การทำธุรกรรม'!F:F,A8,'การทำธุรกรรม'!B:B,"รายรับ"),) | C8: =IF(A8<>"",SUMIFS('การทำธุรกรรม'!E:E,'การทำธุรกรรม'!F:F,A8,'การทำธุรกรรม'!B:B,"รายจ่าย"),) | D8: =IF(A8<>"",B8-C8,)
B9: =IF(A9<>"",SUMIFS('การทำธุรกรรม'!E:E,'การทำธุรกรรม'!F:F,A9,'การทำธุรกรรม'!B:B,"รายรับ"),) | C9: =IF(A9<>"",SUMIFS('การทำธุรกรรม'!E:E,'การทำธุรกรรม'!F:F,A9,'การทำธุรกรรม'!B:B,"รายจ่าย"),) | D9: =IF(A9<>"",B9-C9,)
B10: =IF(A10<>"",SUMIFS('การทำธุรกรรม'!E:E,'การทำธุรกรรม'!F:F,A10,'การทำธุรกรรม'!B:B,"รายรับ"),) | C10: =IF(A10<>"",SUMIFS('การทำธุรกรรม'!E:E,'การทำธุรกรรม'!F:F,A10,'การทำธุรกรรม'!B:B,"รายจ่าย"),) | D10: =IF(A10<>"",B10-C10,)
B11: =IF(A11<>"",SUMIFS('การทำธุรกรรม'!E:E,'การทำธุรกรรม'!F:F,A11,'การทำธุรกรรม'!B:B,"รายรับ"),) | C11: =IF(A11<>"",SUMIFS('การทำธุรกรรม'!E:E,'การทำธุรกรรม'!F:F,A11,'การทำธุรกรรม'!B:B,"รายจ่าย"),) | D11: =IF(A11<>"",B11-C11,)
B12: =IF(A12<>"",SUMIFS('การทำธุรกรรม'!E:E,'การทำธุรกรรม'!F:F,A12,'การทำธุรกรรม'!B:B,"รายรับ"),) | C12: =IF(A12<>"",SUMIFS('การทำธุรกรรม'!E:E,'การทำธุรกรรม'!F:F,A12,'การทำธุรกรรม'!B:B,"รายจ่าย"),) | D12: =IF(A12<>"",B12-C12,)
B13: =IF(A13<>"",SUMIFS('การทำธุรกรรม'!E:E,'การทำธุรกรรม'!F:F,A13,'การทำธุรกรรม'!B:B,"รายรับ"),) | C13: =IF(A13<>"",SUMIFS('การทำธุรกรรม'!E:E,'การทำธุรกรรม'!F:F,A13,'การทำธุรกรรม'!B:B,"รายจ่าย"),) | D13: =IF(A13<>"",B13-C13,)
B14: =IF(A14<>"",SUMIFS('การทำธุรกรรม'!E:E,'การทำธุรกรรม'!F:F,A14,'การทำธุรกรรม'!B:B,"รายรับ"),) | C14: =IF(A14<>"",SUMIFS('การทำธุรกรรม'!E:E,'การทำธุรกรรม'!F:F,A14,'การทำธุรกรรม'!B:B,"รายจ่าย"),) | D14: =IF(A14<>"",B14-C14,)
B15: =IF(A15<>"",SUMIFS('การทำธุรกรรม'!E:E,'การทำธุรกรรม'!F:F,A15,'การทำธุรกรรม'!B:B,"รายรับ"),) | C15: =IF(A15<>"",SUMIFS('การทำธุรกรรม'!E:E,'การทำธุรกรรม'!F:F,A15,'การทำธุรกรรม'!B:B,"รายจ่าย"),) | D15: =IF(A15<>"",B15-C15,)
B16: =IF(A16<>"",SUMIFS('การทำธุรกรรม'!E:E,'การทำธุรกรรม'!F:F,A16,'การทำธุรกรรม'!B:B,"รายรับ"),) | C16: =IF(A16<>"",SUMIFS('การทำธุรกรรม'!E:E,'การทำธุรกรรม'!F:F,A16,'การทำธุรกรรม'!B:B,"รายจ่าย"),) | D16: =IF(A16<>"",B16-C16,)
B17: =IF(A17<>"",SUMIFS('การทำธุรกรรม'!E:E,'การทำธุรกรรม'!F:F,A17,'การทำธุรกรรม'!B:B,"รายรับ"),) | C17: =IF(A17<>"",SUMIFS('การทำธุรกรรม'!E:E,'การทำธุรกรรม'!F:F,A17,'การทำธุรกรรม'!B:B,"รายจ่าย"),) | D17: =IF(A17<>"",B17-C17,)
... B1000: =IF(A1000<>"",SUMIFS('การทำธุรกรรม'!E:E,'การทำธุรกรรม'!F:F,A1000,'การทำธุรกรรม'!B:B,"รายรับ"),) | C1000: =IF(A1000<>"",SUMIFS('การทำธุรกรรม'!E:E,'การทำธุรกรรม'!F:F,A1000,'การทำธุรกรรม'!B:B,"รายจ่าย"),) | D1000: =IF(A1000<>"",B1000-C1000,)
